punto_id,tipo_punto,nombre,latitud,longitud,localidad,categoria,valor_M,fecha
BIP0000,Proyecto BIP,"REPOSICION PARCIAL ESCUELA G-195 LAS TORRES, RENGO",-34.40518,-70.86324,Rengo (comunal),Educación y Cultura,63780.0,1997
BIP0001,Proyecto BIP,ACTUALIZACION PLANO REGULADOR COMUNAL,-34.40518,-70.86324,Rengo (comunal),Multisectorial,19000.0,1997
BIP0002,Proyecto BIP,MEJORAMIENTO QUIP. MEDICO E INDUSTRIAL HOSP.RENGO SS. OHIGGI,-34.40518,-70.86324,Rengo (comunal),Salud,283368.0,1997
BIP0003,Proyecto BIP,MEJORAMIENTO RUTA 5 LONGITUDINAL SUR - PASADA POR RENGO,-34.40518,-70.86324,Rengo (comunal),Transporte y Vialidad,476080.0,1997
BIP0004,Proyecto BIP,MEJORAMIENTO SISTEMA A.P DE ROSARIO,-34.34788,-70.84245,Rosario,Recursos Hídricos,501469.0,1997
BIP0005,Proyecto BIP,CONSTRUCCION CALZADA CALLE FRANCISCO RUIZ,-34.40518,-70.86324,Rengo (comunal),Transporte y Vialidad,32000.0,1997
BIP0006,Proyecto BIP,REPOSICION POSTA SALUD RURAL POPETA RENGO,-34.42,-70.88,Popeta,Salud,48138.0,1997
BIP0007,Proyecto BIP,REPOSICION POSTA SALUD RURAL LO CARTAGENA,-34.39026,-70.8737,Lo Cartagena,Salud,52360.0,1997
BIP0008,Proyecto BIP,REPOSICION Y AMPLIACION ESCUELA F-197 ESMERALDA DE RENGO,-34.34281,-70.9049,Esmeralda,Educación y Cultura,87077.0,1997
BIP0009,Proyecto BIP,REPOSICION Y AMPLIACION ESCUELA F-197 ESMERALDA DE RENGO,-34.34281,-70.9049,Esmeralda,Educación y Cultura,12000.0,1997
BIP0010,Proyecto BIP,MEJORAMIENTO SISTEMA AGUA POTABLE DE RENGO,-34.40518,-70.86324,Rengo (comunal),Recursos Hídricos,9130.0,1997
BIP0011,Proyecto BIP,MEJORAMIENTO SISTEMA AGUA POTABLE DE RENGO,-34.40518,-70.86324,Rengo (comunal),Recursos Hídricos,25714.0,1997
BIP0012,Proyecto BIP,AMPLIACION SERVICIO ALCANTARILLADO RENGO EN 3 SECTORES,-34.40518,-70.86324,Rengo (comunal),Recursos Hídricos,26753.0,1997
BIP0013,Proyecto BIP,CONSTRUCCION PAVIMENTACION AVENIDA MADRID.,-34.40518,-70.86324,Rengo (comunal),Transporte y Vialidad,60824.0,1997
BIP0014,Proyecto BIP,CONSTRUCCION PAVIMENTACION AV. EL CIPRES,-34.40518,-70.86324,Rengo (comunal),Transporte y Vialidad,49726.0,1997
BIP0015,Proyecto BIP,NORMALIZACION ELECTRIFICACION DOMICILIARIA SECTOR EL RETIRO,-34.395,-70.85,El Retiro,Energía,3482.0,1997
BIP0016,Proyecto BIP,CONSTRUCCION SERVICIO A.P.R. SECTOR LA ESMERALDA RENGO,-34.34281,-70.9049,Esmeralda,Recursos Hídricos,11499.0,1997
BIP0017,Proyecto BIP,HABILITACION CINE TEATRO MUNICIPAL DE RENGO,-34.40518,-70.86324,Rengo (comunal),Educación y Cultura,19000.0,1997
BIP0018,Proyecto BIP,HABILITACION CINE TEATRO MUNICIPAL DE RENGO,-34.40518,-70.86324,Rengo (comunal),Educación y Cultura,219409.0,1997
BIP0019,Proyecto BIP,REPOSICION ESCUELA F 185 LO DE LOBOS,-34.37523,-70.82941,Lo De Lobo,Educación y Cultura,88793.0,1997
BIP0020,Proyecto BIP,REPOSICION ESCUELA F 185 LO DE LOBOS,-34.37523,-70.82941,Lo De Lobo,Educación y Cultura,2000.0,1997
BIP0021,Proyecto BIP,REPOSICION MOBILIARIO LICEO POLITECNICO C - 15 RENGO,-34.40518,-70.86324,Rengo (comunal),Educación y Cultura,19619.0,1997
BIP0022,Proyecto BIP,REPOSICION CENTRO ABIERTO BELLO HORIZONTE RENGO,-34.40518,-70.86324,Rengo (comunal),Educación y Cultura,3076.0,1997
BIP0023,Proyecto BIP,REPOSICION CENTRO ABIERTO BELLO HORIZONTE RENGO,-34.40518,-70.86324,Rengo (comunal),Educación y Cultura,87949.0,1997
BIP0024,Proyecto BIP,CONSTRUCCION PAVIMENTACION CALLE COLO-COLO - RENGO.,-34.40518,-70.86324,Rengo (comunal),Transporte y Vialidad,33200.0,1997
BIP0025,Proyecto BIP,EQUIPAMIENTO COMPUTACIONAL ESC.BASICAS DE RENGO,-34.40518,-70.86324,Rengo (comunal),Educación y Cultura,50000.0,1997
BIP0026,Proyecto BIP,CONSTRUCCION MULTICANCHA POBLACION RIENCI VALENCIA,-34.41,-70.87,Rienci Valencia,Deporte,20000.0,1997
BIP0027,Proyecto BIP,CONSTRUCCION ESTADI CLUB DEPORTIVO LA ISLA,-34.40518,-70.86324,Rengo (comunal),Deporte,12000.0,1997
BIP0028,Proyecto BIP,CONSTRUCCION PAVIMENTACION CALLE LIBERTAD - RENGO.,-34.40518,-70.86324,Rengo (comunal),Transporte y Vialidad,9307.0,1997
BIP0029,Proyecto BIP,CONSTRUCCION PAVIMENTACION CALLE GUANGUALI NORTE - RENGO.,-34.40518,-70.86324,Rengo (comunal),Transporte y Vialidad,13483.0,1997
BIP0030,Proyecto BIP,MEJORAMIENTO ELECTRIFICACION DOMICILIARRIA PATRIA JOVEN RENG,-34.40518,-70.86324,Rengo (comunal),Energía,2124.0,1997
BIP0031,Proyecto BIP,CONSTRUCCION MULTICANCHA COMPLEMENTARIA GIMNASIO MUNICIPAL R,-34.40518,-70.86324,Rengo (comunal),Deporte,12000.0,1997
BIP0032,Proyecto BIP,REPARACION PLAZA DE ARMAS DE RENGO,-34.40518,-70.86324,Rengo (comunal),Deporte,45000.0,1997
BIP0033,Proyecto BIP,CONSTRUCCION CASETAS SANITARIA RENGO URBANO Y ROSARIO CENTRO,-34.34788,-70.84245,Rosario Centro,Vivienda y Urbanismo,13310.0,1997
BIP0034,Proyecto BIP,CONSTRUCCION CASETAS SANITARIAS SECTOR ESMERALDA,-34.34281,-70.9049,Esmeralda,Vivienda y Urbanismo,22000.0,1997
BIP0035,Proyecto BIP,AMPLIACION ESCUELA HUILQIO RENGO,-34.40518,-70.86324,Rengo (comunal),Educación y Cultura,14722.0,1997
BIP0036,Proyecto BIP,CAPACITACION FAMILIAS EXTREMA POBREZA COMITE SAN BENITO RENG,-34.40518,-70.86324,Rengo (comunal),Multisectorial,44208.0,1997
BIP0037,Proyecto BIP,CONSTRUCCION PUENTE POPETA ENTRE RUTA H-521 Y H-65,-34.42,-70.88,Popeta,Transporte y Vialidad,675000.0,1997
BIP0038,Proyecto BIP,"CONSTRUCCION PAVIM. CALLE BULNES, ROSARIO-RENGO",-34.34788,-70.84245,Rosario,Transporte y Vialidad,46046.0,1997
BIP0039,Proyecto BIP,"MEJORAMIENTO CAMINOS H-577, H-631 RENGO - RINCONADA MALAMBO",-34.42437,-70.83827,Malambo,Transporte y Vialidad,144000.0,1997
BIP0040,Proyecto BIP,REPOSICION SS.HH. KINDER Y DE PROFESORES ESCUELA HUILQUIO,-34.40518,-70.86324,Rengo (comunal),Educación y Cultura,6000.0,1997
BIP0041,Proyecto BIP,"MEJORAMIENTO Cº ESMERALDA-LAS PATAGUAS, H-450",-34.3905,-70.95144,Las Pataguas,Transporte y Vialidad,25200.0,1997
BIP0042,Proyecto BIP,CONSTRUCCION EXTENSION LO CARTAGENA - LAS ROSAS,-34.39026,-70.8737,Lo Cartagena,Recursos Hídricos,27048.0,1997
BIP0043,Proyecto BIP,MEJORAMIENTO SERVICIO DE APR CHANQUEAHUE,-34.4335,-70.78779,Chanqueahue,Recursos Hídricos,11300.0,1997
BIP0044,Proyecto BIP,MEJORAMIENTO SERVICIO DE APR CHOAPINOS,-34.40518,-70.86324,Rengo (comunal),Recursos Hídricos,11300.0,1997
BIP0045,Proyecto BIP,AMPLIACION ESCUELA LO DE LOBOS SEGUNDA ETAPA RENGO,-34.37523,-70.82941,Lo De Lobo,Educación y Cultura,45997.0,1997
BIP0046,Proyecto BIP,AMPLIACION ESCUELA HUILQUIO SEGUNDA ETAPA RENGO,-34.40518,-70.86324,Rengo (comunal),Educación y Cultura,33819.0,1997
BIP0047,Proyecto BIP,AMPLIACION ESCUELA LO CARTAGENA RENGO,-34.39026,-70.8737,Lo Cartagena,Educación y Cultura,75387.0,1997
BIP0048,Proyecto BIP,AMPLIACION ESCUELA MARTA AVARIA S. RENGO,-34.40518,-70.86324,Rengo (comunal),Educación y Cultura,33672.0,1997
BIP0049,Proyecto BIP,AMPLIACION COLEGIO VILLA DEL COBIL RENGO,-34.39994,-70.89498,Cobil,Educación y Cultura,17430.0,1997
BIP0050,Proyecto BIP,"REPOSICION PARCIAL ESCUELA G-195 LAS TORRES, RENGO",-34.40518,-70.86324,Rengo (comunal),Educación y Cultura,67991.0,1998
BIP0051,Proyecto BIP,MEJORAMIENTO QUIP. MEDICO E INDUSTRIAL HOSP.RENGO SS. OHIGGI,-34.40518,-70.86324,Rengo (comunal),Salud,285245.0,1998
BIP0052,Proyecto BIP,MEJORAMIENTO RUTA 5 LONGITUDINAL SUR - PASADA POR RENGO,-34.40518,-70.86324,Rengo (comunal),Transporte y Vialidad,792000.0,1998
BIP0053,Proyecto BIP,MEJORAMIENTO SISTEMA A.P DE ROSARIO,-34.34788,-70.84245,Rosario,Recursos Hídricos,488831.0,1998
BIP0054,Proyecto BIP,CONSTRUCCION CALZADA CALLE FRANCISCO RUIZ,-34.40518,-70.86324,Rengo (comunal),Transporte y Vialidad,34112.0,1998
BIP0055,Proyecto BIP,CONSTRUCCION CALLE BISQUERT SECTOR POBL EL NARANJAL,-34.40518,-70.86324,Rengo (comunal),Transporte y Vialidad,24318.0,1998
BIP0056,Proyecto BIP,REPOSICION POSTA SALUD RURAL POPETA RENGO,-34.42,-70.88,Popeta,Salud,50009.0,1998
BIP0057,Proyecto BIP,REPOSICION Y AMPLIACION ESCUELA F-197 ESMERALDA DE RENGO,-34.34281,-70.9049,Esmeralda,Educación y Cultura,11844.0,1998
BIP0058,Proyecto BIP,REPOSICION Y AMPLIACION ESCUELA F-197 ESMERALDA DE RENGO,-34.34281,-70.9049,Esmeralda,Educación y Cultura,405410.0,1998
BIP0059,Proyecto BIP,MEJORAMIENTO SISTEMA AGUA POTABLE DE RENGO,-34.40518,-70.86324,Rengo (comunal),Recursos Hídricos,307313.0,1998
BIP0060,Proyecto BIP,MEJORAMIENTO SISTEMA AGUA POTABLE DE RENGO,-34.40518,-70.86324,Rengo (comunal),Recursos Hídricos,31396.0,1998
BIP0061,Proyecto BIP,CONSTRUCCION PAVIMENTACION AVENIDA MADRID.,-34.40518,-70.86324,Rengo (comunal),Transporte y Vialidad,98793.0,1998
BIP0062,Proyecto BIP,CONSTRUCCION PAVIMENTACION AV. EL CIPRES,-34.40518,-70.86324,Rengo (comunal),Transporte y Vialidad,81813.0,1998
BIP0063,Proyecto BIP,CONSTRUCCION SERVICIO A.P.R. SECTOR LA ESMERALDA RENGO,-34.34281,-70.9049,Esmeralda,Recursos Hídricos,93800.0,1998
BIP0064,Proyecto BIP,HABILITACION CINE TEATRO MUNICIPAL DE RENGO,-34.40518,-70.86324,Rengo (comunal),Educación y Cultura,253046.0,1998
BIP0065,Proyecto BIP,HABILITACION CINE TEATRO MUNICIPAL DE RENGO,-34.40518,-70.86324,Rengo (comunal),Educación y Cultura,20900.0,1998
BIP0066,Proyecto BIP,REPOSICION ESCUELA F 185 LO DE LOBOS,-34.37523,-70.82941,Lo De Lobo,Educación y Cultura,94653.0,1998
BIP0067,Proyecto BIP,CONSTRUCCION PAVIMENTACION CALLE COLO-COLO - RENGO.,-34.40518,-70.86324,Rengo (comunal),Transporte y Vialidad,35391.0,1998
BIP0068,Proyecto BIP,EQUIPAMIENTO COMPUTACIONAL ESC.BASICAS DE RENGO,-34.40518,-70.86324,Rengo (comunal),Educación y Cultura,55000.0,1998
BIP0069,Proyecto BIP,MEJORAMIENTO EVACUACION AGUAS LLUVIAS RENGO,-34.40518,-70.86324,Rengo (comunal),Recursos Hídricos,60000.0,1998
BIP0070,Proyecto BIP,CONSTRUCCION PAVIMENTACION CALLE LIBERTAD - RENGO.,-34.40518,-70.86324,Rengo (comunal),Transporte y Vialidad,13632.0,1998
BIP0071,Proyecto BIP,CONSTRUCCION PAVIMENTACION CALLE GUANGUALI NORTE - RENGO.,-34.40518,-70.86324,Rengo (comunal),Transporte y Vialidad,14373.0,1998
BIP0072,Proyecto BIP,CONSTRUCCION MULTICANCHA COMPLEMENTARIA GIMNASIO MUNICIPAL R,-34.40518,-70.86324,Rengo (comunal),Deporte,13750.0,1998
BIP0073,Proyecto BIP,REPARACION PLAZA DE ARMAS DE RENGO,-34.40518,-70.86324,Rengo (comunal),Deporte,49500.0,1998
BIP0074,Proyecto BIP,CONSTRUCCION CASETAS SANITARIAS SECTOR ESMERALDA,-34.34281,-70.9049,Esmeralda,Vivienda y Urbanismo,22000.0,1998
BIP0075,Proyecto BIP,CONSTRUCCION CASETAS SANITARIAS SECTOR ESMERALDA,-34.34281,-70.9049,Esmeralda,Vivienda y Urbanismo,22000.0,1998
BIP0076,Proyecto BIP,CONSTRUCCION PUENTE POPETA ENTRE RUTA H-521 Y H-65,-34.42,-70.88,Popeta,Transporte y Vialidad,541440.0,1998
BIP0077,Proyecto BIP,CONSTRUCCION PAVIM. CALLE QUINTALBA-RENGO,-34.40518,-70.86324,Rengo (comunal),Transporte y Vialidad,47047.0,1998
BIP0078,Proyecto BIP,CONSTRUCCION PAVIM. CALLE EL RODEO-RENGO,-34.40518,-70.86324,Rengo (comunal),Transporte y Vialidad,45438.0,1998
BIP0079,Proyecto BIP,CONSTRUCCION PAVIM. CALLE LAUTARO NORTE-RENGO,-34.40518,-70.86324,Rengo (comunal),Transporte y Vialidad,57325.0,1998
BIP0080,Proyecto BIP,CONSTRUCCION PAVIM. CALLE LAS MERCEDES-RENGO,-34.40518,-70.86324,Rengo (comunal),Transporte y Vialidad,28771.0,1998
BIP0081,Proyecto BIP,CONSTRUCCION PAVIM. CALLE LOS ESCRIBANOS-RENGO,-34.40518,-70.86324,Rengo (comunal),Transporte y Vialidad,68708.0,1998
BIP0082,Proyecto BIP,CONSTRUCCION PAVIM. CALLE CAUPOLICAN II ETAPA-RENGO,-34.40518,-70.86324,Rengo (comunal),Transporte y Vialidad,14486.0,1998
BIP0083,Proyecto BIP,AMPLIACION ESCUELA LUIS GALDAMEZ RENGO,-34.40518,-70.86324,Rengo (comunal),Educación y Cultura,420510.0,1998
BIP0084,Proyecto BIP,AMPLIACION ESCUELA LUIS GALDAMEZ RENGO,-34.40518,-70.86324,Rengo (comunal),Educación y Cultura,9187.0,1998
BIP0085,Proyecto BIP,MEJORAMIENTO ELECTRIFICACION DOMIC.SECTOR 1 ESMERALDA,-34.34281,-70.9049,Esmeralda,Energía,25891.0,1998
BIP0086,Proyecto BIP,REPOSICION POSTA SALUD RURAL LO DE LOBOS,-34.37523,-70.82941,Lo De Lobo,Salud,76419.0,1998
BIP0087,Proyecto BIP,"CONSERVACION DEF. FLUV. RIO CLARO, RENGO, VI REG.",-34.40518,-70.86324,Rengo (comunal),Multisectorial,500000.0,1998
BIP0088,Proyecto BIP,CONSTRUCCION ALUMBRADO PUBLICO CALLEJON VILUCO LARGO Y VILUC,-34.40518,-70.86324,Rengo (comunal),Energía,4229.0,1998
BIP0089,Proyecto BIP,CONSTRUCCION ALUMBRADO PUBLICO LOS GOMEROS RENGO,-34.35213,-70.87866,Los Gomeros,Energía,6665.0,1998
BIP0090,Proyecto BIP,ADQUISICION VEHICULO TERRENO CONSULTORIO DE ROSARIO RENGO,-34.34788,-70.84245,Rosario,Salud,6670.0,1998
BIP0091,Proyecto BIP,HABILITACION CENTRO DE DIAGNOSTICO Y ATENCIÓN PSICO KINESICO,-34.40518,-70.86324,Rengo (comunal),Educación y Cultura,47946.0,1998
BIP0092,Proyecto BIP,MEJORAMIENTO SERVICIO DE APR CHANQUEAHUE,-34.4335,-70.78779,Chanqueahue,Recursos Hídricos,15000.0,1998
BIP0093,Proyecto BIP,MEJORAMIENTO SERVICIO DE APR CHANQUEAHUE,-34.4335,-70.78779,Chanqueahue,Recursos Hídricos,93800.0,1998
BIP0094,Proyecto BIP,MEJORAMIENTO SERVICIO DE APR CHOAPINOS,-34.40518,-70.86324,Rengo (comunal),Recursos Hídricos,82000.0,1998
BIP0095,Proyecto BIP,MEJORAMIENTO SERVICIO DE APR CHOAPINOS,-34.40518,-70.86324,Rengo (comunal),Recursos Hídricos,15000.0,1998
BIP0096,Proyecto BIP,HABILITACION Y EQUIPAMIENTO CUARTEL 1º CIA BOMBEROS DE RENGO,-34.40518,-70.86324,Rengo (comunal),Multisectorial,31465.0,1998
BIP0097,Proyecto BIP,REPOSICION PARCIAL MOBILIARIO LICEO LUIS URBINA FLORES DE RE,-34.40518,-70.86324,Rengo (comunal),Educación y Cultura,10451.0,1998
BIP0098,Proyecto BIP,REPARACION Y EQUIPAMIENTO PRIMER JUZGADO DE LETRAS DE RENGO,-34.40518,-70.86324,Rengo (comunal),Justicia y Seguridad,11947.0,1998
BIP0099,Proyecto BIP,CONSTRUCCION PATINODROMO DE RENGO,-34.40518,-70.86324,Rengo (comunal),Deporte,75000.0,1998
BIP0100,Proyecto BIP,AMPLIACION ESCUELA LO DE LOBOS SEGUNDA ETAPA RENGO,-34.37523,-70.82941,Lo De Lobo,Educación y Cultura,48826.0,1998
BIP0101,Proyecto BIP,AMPLIACION ESCUELA HUILQUIO SEGUNDA ETAPA RENGO,-34.40518,-70.86324,Rengo (comunal),Educación y Cultura,35033.0,1998
BIP0102,Proyecto BIP,AMPLIACION ESCUELA LO CARTAGENA RENGO,-34.39026,-70.8737,Lo Cartagena,Educación y Cultura,80025.0,1998
BIP0103,Proyecto BIP,AMPLIACION ESCUELA MARTA AVARIA S. RENGO,-34.40518,-70.86324,Rengo (comunal),Educación y Cultura,60056.0,1998
BIP0104,Proyecto BIP,AMPLIACION COLEGIO VILLA DEL COBIL RENGO,-34.39994,-70.89498,Cobil,Educación y Cultura,22775.0,1998
BIP0105,Proyecto BIP,DIAGNOSTICO REFORMULACION CURRICULAR Y FORTALECIMI.LICEO TEC,-34.40518,-70.86324,Rengo (comunal),Educación y Cultura,32590.0,1998
BIP0106,Proyecto BIP,AMPLIACION ESCUELA REPUBLICA DE ALEMANIA PARA JEC,-34.40518,-70.86324,Rengo (comunal),Educación y Cultura,106466.0,1998
BIP0107,Proyecto BIP,AMPLIACION ESCUELA VICENTE HUIDOBRO G 195,-34.40518,-70.86324,Rengo (comunal),Educación y Cultura,80929.0,1998
BIP0108,Proyecto BIP,AMPLIACION ESCUELA LA PAZ D 186 DE RENGO,-34.40518,-70.86324,Rengo (comunal),Educación y Cultura,67716.0,1998
BIP0109,Proyecto BIP,MEJORAMIENTO ESCUELA CARLOS CONDELLE 210 DE RENGO,-34.40518,-70.86324,Rengo (comunal),Educación y Cultura,21037.0,1998
BIP0110,Proyecto BIP,CONSTRUCCION ESCUELA EL NARANJAL,-34.40518,-70.86324,Rengo (comunal),Educación y Cultura,501123.0,1998
BIP0111,Proyecto BIP,CONSTRUCCION ESCUELA PARQUE ORIENTE,-34.40518,-70.86324,Rengo (comunal),Educación y Cultura,726000.0,1998
BIP0112,Proyecto BIP,MEJORAMIENTO QUIP. MEDICO E INDUSTRIAL HOSP.RENGO SS. OHIGGI,-34.40518,-70.86324,Rengo (comunal),Salud,298940.0,1999
BIP0113,Proyecto BIP,MEJORAMIENTO SISTEMA A.P DE ROSARIO,-34.34788,-70.84245,Rosario,Recursos Hídricos,337024.0,1999
BIP0114,Proyecto BIP,CONSTRUCCION CALLE BISQUERT SECTOR POBL EL NARANJAL,-34.40518,-70.86324,Rengo (comunal),Transporte y Vialidad,25862.0,1999
BIP0115,Proyecto BIP,REPOSICION Y AMPLIACION ESCUELA F-197 ESMERALDA DE RENGO,-34.34281,-70.9049,Esmeralda,Educación y Cultura,427628.0,1999
BIP0116,Proyecto BIP,MEJORAMIENTO SISTEMA AGUA POTABLE DE RENGO,-34.40518,-70.86324,Rengo (comunal),Recursos Hídricos,238044.0,1999
BIP0117,Proyecto BIP,CONSTRUCCION SERVICIO A.P.R. SECTOR LA ESMERALDA RENGO,-34.34281,-70.9049,Esmeralda,Recursos Hídricos,10100.0,1999
BIP0118,Proyecto BIP,CONSTRUCCION SERVICIO A.P.R. SECTOR LA ESMERALDA RENGO,-34.34281,-70.9049,Esmeralda,Recursos Hídricos,103000.0,1999
BIP0119,Proyecto BIP,HABILITACION CINE TEATRO MUNICIPAL DE RENGO,-34.40518,-70.86324,Rengo (comunal),Educación y Cultura,277952.0,1999
BIP0120,Proyecto BIP,HABILITACION CINE TEATRO MUNICIPAL DE RENGO,-34.40518,-70.86324,Rengo (comunal),Educación y Cultura,11017.0,1999
BIP0121,Proyecto BIP,REPOSICION CENTRO ABIERTO BELLO HORIZONTE RENGO,-34.40518,-70.86324,Rengo (comunal),Educación y Cultura,94760.0,1999
BIP0122,Proyecto BIP,CONSTRUCCION PAVIMENTACION CALLE COLO-COLO - RENGO.,-34.40518,-70.86324,Rengo (comunal),Transporte y Vialidad,18026.0,1999
BIP0123,Proyecto BIP,MEJORAMIENTO EVACUACION AGUAS LLUVIAS RENGO,-34.40518,-70.86324,Rengo (comunal),Recursos Hídricos,70000.0,1999
BIP0124,Proyecto BIP,CONSTRUCCION PAVIM. CALLE QUINTALBA-RENGO,-34.40518,-70.86324,Rengo (comunal),Transporte y Vialidad,50348.0,1999
BIP0125,Proyecto BIP,CONSTRUCCION PAVIM. CALLE LAUTARO NORTE-RENGO,-34.40518,-70.86324,Rengo (comunal),Transporte y Vialidad,66060.0,1999
BIP0126,Proyecto BIP,CONSTRUCCION PAVIM. CALLE LAS MERCEDES-RENGO,-34.40518,-70.86324,Rengo (comunal),Transporte y Vialidad,34525.0,1999
BIP0127,Proyecto BIP,CONSTRUCCION PAVIM. CALLE LOS ESCRIBANOS-RENGO,-34.40518,-70.86324,Rengo (comunal),Transporte y Vialidad,74971.0,1999
BIP0128,Proyecto BIP,CONSTRUCCION PAVIM. CALLE CAUPOLICAN II ETAPA-RENGO,-34.40518,-70.86324,Rengo (comunal),Transporte y Vialidad,13634.0,1999
BIP0129,Proyecto BIP,AMPLIACION ESCUELA LUIS GALDAMEZ RENGO,-34.40518,-70.86324,Rengo (comunal),Educación y Cultura,17039.0,1999
BIP0130,Proyecto BIP,AMPLIACION ESCUELA LUIS GALDAMEZ RENGO,-34.40518,-70.86324,Rengo (comunal),Educación y Cultura,524430.0,1999
BIP0131,Proyecto BIP,REPOSICION POSTA SALUD RURAL LO DE LOBOS,-34.37523,-70.82941,Lo De Lobo,Salud,1444.0,1999
BIP0132,Proyecto BIP,REPOSICION POSTA SALUD RURAL LO DE LOBOS,-34.37523,-70.82941,Lo De Lobo,Salud,56949.0,1999
BIP0133,Proyecto BIP,CONSTRUCCION ALUMBRADO PUBLICO CALLEJON VILUCO LARGO Y VILUC,-34.40518,-70.86324,Rengo (comunal),Energía,4000.0,1999
BIP0134,Proyecto BIP,CONSTRUCCION ALUMBRADO PUBLICO LOS GOMEROS RENGO,-34.35213,-70.87866,Los Gomeros,Energía,7439.0,1999
BIP0135,Proyecto BIP,ADQUISICION VEHICULO TERRENO CONSULTORIO DE ROSARIO RENGO,-34.34788,-70.84245,Rosario,Salud,9000.0,1999
BIP0136,Proyecto BIP,HABILITACION CENTRO DE DIAGNOSTICO Y ATENCIÓN PSICO KINESICO,-34.40518,-70.86324,Rengo (comunal),Educación y Cultura,52315.0,1999
BIP0137,Proyecto BIP,MEJORAMIENTO SERVICIO DE APR CHANQUEAHUE,-34.4335,-70.78779,Chanqueahue,Recursos Hídricos,23070.0,1999
BIP0138,Proyecto BIP,MEJORAMIENTO SERVICIO DE APR CHANQUEAHUE,-34.4335,-70.78779,Chanqueahue,Recursos Hídricos,145470.0,1999
BIP0139,Proyecto BIP,MEJORAMIENTO SERVICIO DE APR CHOAPINOS,-34.40518,-70.86324,Rengo (comunal),Recursos Hídricos,16953.0,1999
BIP0140,Proyecto BIP,MEJORAMIENTO SERVICIO DE APR CHOAPINOS,-34.40518,-70.86324,Rengo (comunal),Recursos Hídricos,91470.0,1999
BIP0141,Proyecto BIP,HABILITACION Y EQUIPAMIENTO CUARTEL 1º CIA BOMBEROS DE RENGO,-34.40518,-70.86324,Rengo (comunal),Multisectorial,33355.0,1999
BIP0142,Proyecto BIP,REPARACION Y EQUIPAMIENTO PRIMER JUZGADO DE LETRAS DE RENGO,-34.40518,-70.86324,Rengo (comunal),Justicia y Seguridad,12669.0,1999
BIP0143,Proyecto BIP,CONSTRUCCION PATINODROMO DE RENGO,-34.40518,-70.86324,Rengo (comunal),Deporte,75000.0,1999
BIP0144,Proyecto BIP,AMPLIACION ESCUELA MARTA AVARIA S. RENGO,-34.40518,-70.86324,Rengo (comunal),Educación y Cultura,45927.0,1999
BIP0145,Proyecto BIP,AMPLIACION COLEGIO VILLA DEL COBIL RENGO,-34.39994,-70.89498,Cobil,Educación y Cultura,21483.0,1999
BIP0146,Proyecto BIP,CONSTRUCCION AVENIDA INDUSTRIAL DE RENGO,-34.40518,-70.86324,Rengo (comunal),Transporte y Vialidad,1136490.0,1999
BIP0147,Proyecto BIP,CONSTRUCCION AVENIDA INDUSTRIAL DE RENGO,-34.40518,-70.86324,Rengo (comunal),Transporte y Vialidad,20000.0,1999
BIP0148,Proyecto BIP,DIAGNOSTICO REFORMULACION CURRICULAR Y FORTALECIMI.LICEO TEC,-34.40518,-70.86324,Rengo (comunal),Educación y Cultura,32590.0,1999
BIP0149,Proyecto BIP,REPOSICION EQUIPAMIENTO SERVICIO CIRUGIA HOSPITAL RENGO,-34.40518,-70.86324,Rengo (comunal),Salud,22000.0,1999
BIP0150,Proyecto BIP,EQUIPAMIENTO SERVICIO DE MEDICINA HOSPITAL RENGO,-34.40518,-70.86324,Rengo (comunal),Salud,35000.0,1999
BIP0151,Proyecto BIP,EQUIPAMIENTO SERVICIO DENTAL HOSPITAL RENGO,-34.40518,-70.86324,Rengo (comunal),Salud,10000.0,1999
BIP0152,Proyecto BIP,REPOSICION EQUIPAMIENTO SERVICIO DE PEDIATRIA HOSPITAL RENGO,-34.40518,-70.86324,Rengo (comunal),Salud,32000.0,1999
BIP0153,Proyecto BIP,CONSTRUCCION PATINODROMO DE RENGO,-34.40518,-70.86324,Rengo (comunal),Deporte,160000.0,1999
BIP0154,Proyecto BIP,CONSTRUCCION PAVIM. CALLE COLO COLO - RENGO,-34.40518,-70.86324,Rengo (comunal),Transporte y Vialidad,48935.0,1999
BIP0155,Proyecto BIP,CONSTRUCCION PAVIM. CALLE ARAUCO - RENGO,-34.40518,-70.86324,Rengo (comunal),Transporte y Vialidad,20208.0,1999
BIP0156,Proyecto BIP,CONSTRUCCION PAVIM. AVDA. LAS DELICIAS - ROSARIO,-34.34788,-70.84245,Rosario,Transporte y Vialidad,139251.0,1999
BIP0157,Proyecto BIP,CONSTRUCCION PARQUE ORIENTE DE RENGO,-34.40518,-70.86324,Rengo (comunal),Deporte,50000.0,1999
BIP0158,Proyecto BIP,DIAGNOSTICO ALCANTARILLADO VARIOS SECTORES RURALES RENGO,-34.40518,-70.86324,Rengo (comunal),Recursos Hídricos,40000.0,1999
BIP0159,Proyecto BIP,AMPLIACION SERVICIO ALCANTARILLADO DIVERSOS SECTORES RENGO,-34.40518,-70.86324,Rengo (comunal),Recursos Hídricos,40000.0,1999
BIP0160,Proyecto BIP,CONSTRUCCION CASA DE LA CULTURA RENGO TERCERA ETAPA,-34.40518,-70.86324,Rengo (comunal),Educación y Cultura,120000.0,1999
BIP0161,Proyecto BIP,REPOSICION EQUIPAMIENTO MATERNIDAD HOSPITAL DE RENGO,-34.40518,-70.86324,Rengo (comunal),Salud,22000.0,1999
BIP0162,Proyecto BIP,CONSTRUCCION CENTRO EDUCACION INTEGRADA DE ADULTOS,-34.40518,-70.86324,Rengo (comunal),Educación y Cultura,87250.0,1999
BIP0163,Proyecto BIP,CONSTRUCCION CENTRO EDUCACION INTEGRADA DE ADULTOS,-34.40518,-70.86324,Rengo (comunal),Educación y Cultura,3100.0,1999
BIP0164,Proyecto BIP,CONSTRUCCION PARQUE DE ROSARIO,-34.34788,-70.84245,Rosario,Deporte,30000.0,1999
BIP0165,Proyecto BIP,CONSTRUCCION ALUMBRADO PUBLICO LA ESMERALDA,-34.34281,-70.9049,Esmeralda,Energía,13570.0,1999
BIP0166,Proyecto BIP,ANALISIS CONECCION DIRECTA DEL TRONCAL ENDESA-RENGO,-34.40518,-70.86324,Rengo (comunal),Energía,7000.0,1999
BIP0167,Proyecto BIP,CONSTRUCCION CASETAS SANITARIAS ROSARIO CENTRO Y RENGO URBAN,-34.34788,-70.84245,Rosario Centro,Vivienda y Urbanismo,312840.0,1999
BIP0168,Proyecto BIP,CONSTRUCCION CASETAS SANITARIAS SECTOR CHOAPINOS Y EL RETIRO,-34.395,-70.85,El Retiro,Vivienda y Urbanismo,10600.0,1999
BIP0169,Proyecto BIP,CONSTRUCCION SALON MULTIUSO CARCEL DE RENGO,-34.40518,-70.86324,Rengo (comunal),Justicia y Seguridad,65920.0,1999
BIP0170,Proyecto BIP,CONSTRUCCION CICLOVÍA RENGO -ROSARIO,-34.34788,-70.84245,Rosario,Transporte y Vialidad,120000.0,1999
BIP0171,Proyecto BIP,CONSTRUCCION PARQUE PISCINA DE RENGO,-34.40518,-70.86324,Rengo (comunal),Multisectorial,100000.0,1999
BIP0172,Proyecto BIP,ADQUISICION TERRENOS NUEVOS COLEGIOS JORNADA ESCOLAR COMPLET,-34.40518,-70.86324,Rengo (comunal),Educación y Cultura,170000.0,1999
BIP0173,Proyecto BIP,CONSTRUCCION CUARTEL TERCERA COMPAÑIA DE BOMBEROS ROSARIO - ,-34.34788,-70.84245,Rosario,Seguridad Pública,77161.0,1999
BIP0174,Proyecto BIP,MEJORAMIENTO RED ALCANTARILLADO RENGO,-34.40518,-70.86324,Rengo (comunal),Recursos Hídricos,9775.0,1999
BIP0175,Proyecto BIP,AMPLIACION ESCUELA LA PAZ D 186 DE RENGO,-34.40518,-70.86324,Rengo (comunal),Educación y Cultura,59460.0,1999
BIP0176,Proyecto BIP,CONSTRUCCION ESCUELA EL NARANJAL,-34.40518,-70.86324,Rengo (comunal),Educación y Cultura,550703.0,1999
BIP0177,Proyecto BIP,AMPLIACION ESCUELA HUILQUIO DE RENGO,-34.40518,-70.86324,Rengo (comunal),Educación y Cultura,67724.0,1999
BIP0178,Proyecto BIP,"MEJORAMIENTO Y AMPLIACIÓN SISTEMA A.P.R. LO CARTAGENA, RENGO",-34.39026,-70.8737,Lo Cartagena,Recursos Hídricos,17000.0,1999
BIP0179,Proyecto BIP,MEJORAMIENTO SERVICIO APR HUILQUIO CERRILLOS,-34.40518,-70.86324,Rengo (comunal),Recursos Hídricos,17000.0,1999
BIP0180,Proyecto BIP,CONSTRUCCION CASETAS SANITARIAS RINCON DE ROSARIO,-34.34788,-70.84245,Rosario,Vivienda y Urbanismo,7000.0,1999
BIP0181,Proyecto BIP,CONSTRUCCION CALLE BISQUERT SECTOR POBL EL NARANJAL,-34.40518,-70.86324,Rengo (comunal),Transporte y Vialidad,65739.0,2000
BIP0182,Proyecto BIP,CONSTRUCCION SERVICIO A.P.R. SECTOR LA ESMERALDA RENGO,-34.34281,-70.9049,Esmeralda,Recursos Hídricos,147275.0,2000
BIP0183,Proyecto BIP,HABILITACION CINE TEATRO MUNICIPAL DE RENGO,-34.40518,-70.86324,Rengo (comunal),Educación y Cultura,296458.0,2000
BIP0184,Proyecto BIP,REPOSICION CENTRO ABIERTO BELLO HORIZONTE RENGO,-34.40518,-70.86324,Rengo (comunal),Educación y Cultura,117527.0,2000
BIP0185,Proyecto BIP,MEJORAMIENTO EVACUACION AGUAS LLUVIAS RENGO,-34.40518,-70.86324,Rengo (comunal),Recursos Hídricos,40000.0,2000
BIP0186,Proyecto BIP,CONSTRUCCION ESTADI CLUB DEPORTIVO LA ISLA,-34.40518,-70.86324,Rengo (comunal),Deporte,28800.0,2000
BIP0187,Proyecto BIP,CONSTRUCCION PAVIM. CALLE QUINTALBA-RENGO,-34.40518,-70.86324,Rengo (comunal),Transporte y Vialidad,92723.0,2000
BIP0188,Proyecto BIP,CONSTRUCCION PAVIM. CALLE LAUTARO NORTE-RENGO,-34.40518,-70.86324,Rengo (comunal),Transporte y Vialidad,121340.0,2000
BIP0189,Proyecto BIP,CONSTRUCCION PAVIM. CALLE LAS MERCEDES-RENGO,-34.40518,-70.86324,Rengo (comunal),Transporte y Vialidad,54532.0,2000
BIP0190,Proyecto BIP,CONSTRUCCION PAVIM. CALLE LOS ESCRIBANOS-RENGO,-34.40518,-70.86324,Rengo (comunal),Transporte y Vialidad,135041.0,2000
BIP0191,Proyecto BIP,CONSTRUCCION PAVIM. CALLE CAUPOLICAN II ETAPA-RENGO,-34.40518,-70.86324,Rengo (comunal),Transporte y Vialidad,23364.0,2000
BIP0192,Proyecto BIP,AMPLIACION ESCUELA LUIS GALDAMEZ RENGO,-34.40518,-70.86324,Rengo (comunal),Educación y Cultura,548912.0,2000
BIP0193,Proyecto BIP,REPOSICION POSTA SALUD RURAL LO DE LOBOS,-34.37523,-70.82941,Lo De Lobo,Salud,1511.0,2000
BIP0194,Proyecto BIP,REPOSICION POSTA SALUD RURAL LO DE LOBOS,-34.37523,-70.82941,Lo De Lobo,Salud,60740.0,2000
BIP0195,Proyecto BIP,CONSTRUCCION ALUMBRADO PUBLICO CALLEJON VILUCO LARGO Y VILUC,-34.40518,-70.86324,Rengo (comunal),Energía,3910.0,2000
BIP0196,Proyecto BIP,ADQUISICION VEHICULO TERRENO CONSULTORIO DE ROSARIO RENGO,-34.34788,-70.84245,Rosario,Salud,6610.0,2000
BIP0197,Proyecto BIP,HABILITACION CENTRO DE DIAGNOSTICO Y ATENCIÓN PSICO KINESICO,-34.40518,-70.86324,Rengo (comunal),Educación y Cultura,53610.0,2000
BIP0198,Proyecto BIP,MEJORAMIENTO SERVICIO DE APR CHANQUEAHUE,-34.4335,-70.78779,Chanqueahue,Recursos Hídricos,238399.0,2000
BIP0199,Proyecto BIP,MEJORAMIENTO SERVICIO DE APR CHOAPINOS,-34.40518,-70.86324,Rengo (comunal),Recursos Hídricos,170888.0,2000
BIP0200,Proyecto BIP,REPARACION Y EQUIPAMIENTO PRIMER JUZGADO DE LETRAS DE RENGO,-34.40518,-70.86324,Rengo (comunal),Justicia y Seguridad,13418.0,2000
BIP0201,Proyecto BIP,CONSTRUCCION BODEGA PRODUCTOS LACTEOS PARA MICROAREA RENGO,-34.40518,-70.86324,Rengo (comunal),Salud,16500.0,2000
BIP0202,Proyecto BIP,DIAGNOSTICO REFORMULACION CURRICULAR Y FORTALECIMI.LICEO TEC,-34.40518,-70.86324,Rengo (comunal),Educación y Cultura,33590.0,2000
BIP0203,Proyecto BIP,CONSTRUCCION PATINODROMO DE RENGO,-34.40518,-70.86324,Rengo (comunal),Deporte,160000.0,2000
BIP0204,Proyecto BIP,CONSTRUCCION PAVIM. CALLE COLO COLO - RENGO,-34.40518,-70.86324,Rengo (comunal),Transporte y Vialidad,95937.0,2000
BIP0205,Proyecto BIP,CONSTRUCCION PAVIM. AVDA. LAS DELICIAS - ROSARIO,-34.34788,-70.84245,Rosario,Transporte y Vialidad,250431.0,2000
BIP0206,Proyecto BIP,CONSTRUCCION CASA DE LA CULTURA RENGO TERCERA ETAPA,-34.40518,-70.86324,Rengo (comunal),Educación y Cultura,126242.0,2000
BIP0207,Proyecto BIP,CONSTRUCCION CENTRO EDUCACION INTEGRADA DE ADULTOS,-34.40518,-70.86324,Rengo (comunal),Educación y Cultura,4200.0,2000
BIP0208,Proyecto BIP,CONSTRUCCION CENTRO EDUCACION INTEGRADA DE ADULTOS,-34.40518,-70.86324,Rengo (comunal),Educación y Cultura,308629.0,2000
BIP0209,Proyecto BIP,CONSTRUCCION ALUMBRADO PUBLICO LA ESMERALDA,-34.34281,-70.9049,Esmeralda,Energía,13556.0,2000
BIP0210,Proyecto BIP,CONSTRUCCION SALON MULTIUSO CARCEL DE RENGO,-34.40518,-70.86324,Rengo (comunal),Justicia y Seguridad,69875.0,2000
BIP0211,Proyecto BIP,CONSTRUCCION PARQUE PISCINA DE RENGO,-34.40518,-70.86324,Rengo (comunal),Multisectorial,375816.0,2000
BIP0212,Proyecto BIP,CONSTRUCCION CUARTEL TERCERA COMPAÑIA DE BOMBEROS ROSARIO - ,-34.34788,-70.84245,Rosario,Seguridad Pública,77161.0,2000
BIP0213,Proyecto BIP,CONSTRUCCION MEJORAMIENTOS ADIC. INGRESO A JEC 6 COLEGIOS UR,-34.40518,-70.86324,Rengo (comunal),Educación y Cultura,1676622.0,2000
BIP0214,Proyecto BIP,CONSTRUCCION ALUMBRADO PUBLICO CALLE SAN MARTIN NORTE,-34.40518,-70.86324,Rengo (comunal),Energía,3301.0,2000
BIP0215,Proyecto BIP,INSTALACION RED ALCANTARILLADO CALLEJON LO CARTAGENA,-34.39026,-70.8737,Lo Cartagena,Recursos Hídricos,5182.0,2000
BIP0216,Proyecto BIP,CONSTRUCCION ALUMBRADO PUBLICO LA CHIMBA POPETA,-34.40804,-70.81718,La Chimba,Energía,11598.0,2000
BIP0217,Proyecto BIP,CONSTRUCCION ALUMBRADO PUBLICO CALLE MICHIMALONGO A CHORRILL,-34.40518,-70.86324,Rengo (comunal),Energía,4104.0,2000
BIP0218,Proyecto BIP,INSTALACION RED DE AGUA POTABLE DE CAMARICO,-34.40518,-70.86324,Rengo (comunal),Recursos Hídricos,38300.0,2000
BIP0219,Proyecto BIP,INSTALACION RED DE ALCANTARILLADO CALLE CARTA PROPIA,-34.40518,-70.86324,Rengo (comunal),Recursos Hídricos,6500.0,2000
BIP0220,Proyecto BIP,CONSTRUCCION MULTICANCHAS COMPLEMENTARIAS GIMNASIO MUNICIP. ,-34.40518,-70.86324,Rengo (comunal),Deporte,41145.0,2000
BIP0221,Proyecto BIP,CONSTRUCCION PAVIMENTACION CALLE CHORRILLOS RENGO,-34.40518,-70.86324,Rengo (comunal),Transporte y Vialidad,44514.0,2000
BIP0222,Proyecto BIP,CONSTRUCCION PAVIMENTACION CALLE SAN MARTIN NORTE - RENGO,-34.40518,-70.86324,Rengo (comunal),Transporte y Vialidad,142300.0,2000
BIP0223,Proyecto BIP,CONSTRUCCION PAVIMENTACION CALLE GUANGUALI SUR - RENGO,-34.40518,-70.86324,Rengo (comunal),Transporte y Vialidad,30150.0,2000
BIP0224,Proyecto BIP,CONSTRUCCION PAVIMENTACION CALLE LA ARAUCANA - RENGO,-34.40518,-70.86324,Rengo (comunal),Transporte y Vialidad,6030.0,2000
BIP0225,Proyecto BIP,EQUIPAMIENTO SEGUNDO BOX DENTAL EN CENTRO DE SALUD DE ROSARI,-34.34788,-70.84245,Rosario,Salud,7000.0,2000
BIP0226,Proyecto BIP,CONSTRUCCION CICLOVIA RUTA H-511 SECTOR RENGO-ROSARIO,-34.34788,-70.84245,Rosario,Transporte y Vialidad,113821.0,2000
BIP0227,Proyecto BIP,CONSTRUCCION VEREDAS SECTOR LA ISLA,-34.40518,-70.86324,Rengo (comunal),Transporte y Vialidad,15000.0,2000
BIP0228,Proyecto BIP,HABILITACION Y EQUIPAMIENTO DEL INTERNADO HOGAR DEL EST.RENG,-34.40518,-70.86324,Rengo (comunal),Educación y Cultura,80000.0,2000
BIP0229,Proyecto BIP,CONSTRUCCION RED ALCANTARILLADO LA ISLA,-34.40518,-70.86324,Rengo (comunal),Recursos Hídricos,69000.0,2000
BIP0230,Proyecto BIP,CONSTRUCCION COMPLEJO DEPORTIVO PARQUE CRIOLLO,-34.40518,-70.86324,Rengo (comunal),Deporte,1081410.0,2000
BIP0231,Proyecto BIP,CONSTRUCCION ILUMINACION Y GRADERIAS COMPLEJO DEPORTIVO ROSA,-34.34788,-70.84245,Rosario,Deporte,36038.0,2000
BIP0232,Proyecto BIP,CONSTRUCCION EMBALSE PARA RIEGO RIO CLARO RENGO 1ª SECCION,-34.40518,-70.86324,Rengo (comunal),Medioambiente,184574.0,2000
BIP0233,Proyecto BIP,AMPLIACION ESCUELA HUILQUIO DE RENGO,-34.40518,-70.86324,Rengo (comunal),Educación y Cultura,64228.0,2000
BIP0234,Proyecto BIP,MEJORAMIENTO ESDATIO C.D. UNION LAS VI±AS DE RENGO,-34.40518,-70.86324,Rengo (comunal),Deporte,27000.0,2000
BIP0235,Proyecto BIP,MEJORAMIENTO SERVICIO APR HUILQUIO CERRILLOS,-34.40518,-70.86324,Rengo (comunal),Recursos Hídricos,15000.0,2000
BIP0236,Proyecto BIP,CONSTRUCCION CASETAS SANITARIAS RINCON DE ROSARIO,-34.34788,-70.84245,Rosario,Vivienda y Urbanismo,159500.0,2000
BIP0237,Proyecto BIP,CONSTRUCCION CALLE BISQUERT SECTOR POBL EL NARANJAL,-34.40518,-70.86324,Rengo (comunal),Transporte y Vialidad,67447.0,2001
BIP0238,Proyecto BIP,EQUIPAMIENTO PARQUE MUNICIPAL DE RENGO,-34.40518,-70.86324,Rengo (comunal),Multisectorial,325000.0,2001
BIP0239,Proyecto BIP,HABILITACION CINE TEATRO MUNICIPAL DE RENGO,-34.40518,-70.86324,Rengo (comunal),Educación y Cultura,333811.0,2001
BIP0240,Proyecto BIP,MEJORAMIENTO EVACUACION AGUAS LLUVIAS RENGO,-34.40518,-70.86324,Rengo (comunal),Recursos Hídricos,40000.0,2001
BIP0241,Proyecto BIP,CONSTRUCCION CASETAS SANITARIAS SECTOR ESMERALDA,-34.34281,-70.9049,Esmeralda,Vivienda y Urbanismo,22000.0,2001
BIP0242,Proyecto BIP,CONSTRUCCION PAVIM. CALLE LAUTARO NORTE-RENGO,-34.40518,-70.86324,Rengo (comunal),Transporte y Vialidad,124493.0,2001
BIP0243,Proyecto BIP,CONSTRUCCION PAVIM. CALLE LAS MERCEDES-RENGO,-34.40518,-70.86324,Rengo (comunal),Transporte y Vialidad,55950.0,2001
BIP0244,Proyecto BIP,CONSTRUCCION PAVIM. CALLE LOS ESCRIBANOS-RENGO,-34.40518,-70.86324,Rengo (comunal),Transporte y Vialidad,138550.0,2001
BIP0245,Proyecto BIP,CONSTRUCCION PAVIM. CALLE CAUPOLICAN II ETAPA-RENGO,-34.40518,-70.86324,Rengo (comunal),Transporte y Vialidad,33370.0,2001
BIP0246,Proyecto BIP,AMPLIACION ESCUELA LUIS GALDAMEZ RENGO,-34.40518,-70.86324,Rengo (comunal),Educación y Cultura,525147.0,2001
BIP0247,Proyecto BIP,REPOSICION POSTA SALUD RURAL LO DE LOBOS,-34.37523,-70.82941,Lo De Lobo,Salud,66847.0,2001
BIP0248,Proyecto BIP,ADQUISICION VEHICULO TERRENO CONSULTORIO DE ROSARIO RENGO,-34.34788,-70.84245,Rosario,Salud,9200.0,2001
BIP0249,Proyecto BIP,MEJORAMIENTO SERVICIO DE APR CHOAPINOS,-34.40518,-70.86324,Rengo (comunal),Recursos Hídricos,94722.0,2001
BIP0250,Proyecto BIP,REPARACION Y EQUIPAMIENTO PRIMER JUZGADO DE LETRAS DE RENGO,-34.40518,-70.86324,Rengo (comunal),Justicia y Seguridad,13728.0,2001
BIP0251,Proyecto BIP,CONSTRUCCION PAVIM. AVDA. LAS DELICIAS - ROSARIO,-34.34788,-70.84245,Rosario,Transporte y Vialidad,256938.0,2001
BIP0252,Proyecto BIP,CONSTRUCCION CASA DE LA CULTURA RENGO TERCERA ETAPA,-34.40518,-70.86324,Rengo (comunal),Educación y Cultura,126242.0,2001
BIP0253,Proyecto BIP,CONSTRUCCION CENTRO EDUCACION INTEGRADA DE ADULTOS,-34.40518,-70.86324,Rengo (comunal),Educación y Cultura,308629.0,2001
BIP0254,Proyecto BIP,CONSTRUCCION CENTRO EDUCACION INTEGRADA DE ADULTOS,-34.40518,-70.86324,Rengo (comunal),Educación y Cultura,4200.0,2001
BIP0255,Proyecto BIP,CONSTRUCCION CASETAS SANITARIAS ROSARIO CENTRO Y RENGO URBAN,-34.34788,-70.84245,Rosario Centro,Vivienda y Urbanismo,312840.0,2001
BIP0256,Proyecto BIP,CONSTRUCCION SALON MULTIUSO CARCEL DE RENGO,-34.40518,-70.86324,Rengo (comunal),Justicia y Seguridad,72166.0,2001
BIP0257,Proyecto BIP,CONSTRUCCION PARQUE PISCINA DE RENGO,-34.40518,-70.86324,Rengo (comunal),Multisectorial,375816.0,2001
BIP0258,Proyecto BIP,CONSTRUCCION CUARTEL TERCERA COMPAÑIA DE BOMBEROS ROSARIO - ,-34.34788,-70.84245,Rosario,Seguridad Pública,88453.0,2001
BIP0259,Proyecto BIP,AMPLIACION ESCUELA REPUBLICA DE ALEMANIA PARA JEC,-34.40518,-70.86324,Rengo (comunal),Educación y Cultura,135107.0,2001
BIP0260,Proyecto BIP,AMPLIACION ESCUELA VICENTE HUIDOBRO G 195,-34.40518,-70.86324,Rengo (comunal),Educación y Cultura,96440.0,2001
BIP0261,Proyecto BIP,AMPLIACION ESCUELA LA PAZ D 186 DE RENGO,-34.40518,-70.86324,Rengo (comunal),Educación y Cultura,54797.0,2001
BIP0262,Proyecto BIP,MEJORAMIENTO ESCUELA CARLOS CONDELLE 210 DE RENGO,-34.40518,-70.86324,Rengo (comunal),Educación y Cultura,30137.0,2001
BIP0263,Proyecto BIP,CONSTRUCCION ESCUELA EL NARANJAL,-34.40518,-70.86324,Rengo (comunal),Educación y Cultura,19000.0,2001
BIP0264,Proyecto BIP,CONSTRUCCION ESCUELA EL NARANJAL,-34.40518,-70.86324,Rengo (comunal),Educación y Cultura,629554.0,2001
BIP0265,Proyecto BIP,CONSTRUCCION ESCUELA PARQUE ORIENTE,-34.40518,-70.86324,Rengo (comunal),Educación y Cultura,22000.0,2001
BIP0266,Proyecto BIP,CONSTRUCCION ESCUELA PARQUE ORIENTE,-34.40518,-70.86324,Rengo (comunal),Educación y Cultura,706555.0,2001
BIP0267,Proyecto BIP,CONSTRUCCION ALUMBRADO PUBLICO LA CHIMBA POPETA,-34.40804,-70.81718,La Chimba,Energía,11697.0,2001
BIP0268,Proyecto BIP,CONSTRUCCION ALUMBRADO PUBLICO CALLE MICHIMALONGO A CHORRILL,-34.40518,-70.86324,Rengo (comunal),Energía,4210.0,2001
BIP0269,Proyecto BIP,INSTALACION RED DE ALCANTARILLADO CALLE CARTA PROPIA,-34.40518,-70.86324,Rengo (comunal),Recursos Hídricos,6000.0,2001
BIP0270,Proyecto BIP,CONSTRUCCION PAVIMENTACION CALLE SAN MARTIN NORTE - RENGO,-34.40518,-70.86324,Rengo (comunal),Transporte y Vialidad,142300.0,2001
BIP0271,Proyecto BIP,CONSTRUCCION PAVIMENTACION CALLE LA ARAUCANA - RENGO,-34.40518,-70.86324,Rengo (comunal),Transporte y Vialidad,6030.0,2001
BIP0272,Proyecto BIP,CONSTRUCCION COMPLEJO DEPORTIVO PARQUE CRIOLLO,-34.40518,-70.86324,Rengo (comunal),Deporte,530705.0,2001
BIP0273,Proyecto BIP,CONSTRUCCION EMBALSE PARA RIEGO RIO CLARO RENGO 1ª SECCION,-34.40518,-70.86324,Rengo (comunal),Medioambiente,200000.0,2001
BIP0274,Proyecto BIP,AMPLIACION ESCUELA HUILQUIO DE RENGO,-34.40518,-70.86324,Rengo (comunal),Educación y Cultura,65886.0,2001
BIP0275,Proyecto BIP,"MEJORAMIENTO Y AMPLIACIÓN SISTEMA A.P.R. LO CARTAGENA, RENGO",-34.39026,-70.8737,Lo Cartagena,Recursos Hídricos,20000.0,2001
BIP0276,Proyecto BIP,MEJORAMIENTO SERVICIO APR HUILQUIO CERRILLOS,-34.40518,-70.86324,Rengo (comunal),Recursos Hídricos,97520.0,2001
BIP0277,Proyecto BIP,MEJORAMIENTO SERVICIO APR HUILQUIO CERRILLOS,-34.40518,-70.86324,Rengo (comunal),Recursos Hídricos,12705.0,2001
BIP0278,Proyecto BIP,CONSTRUCCION CASETAS SANITARIAS RINCON DE ROSARIO,-34.34788,-70.84245,Rosario,Vivienda y Urbanismo,159500.0,2001
BIP0279,Proyecto BIP,DIAGNOSTICO DE LA OFERT. Y DEM.LABORAL DEL LICEO INDUSTRIAL ,-34.40518,-70.86324,Rengo (comunal),Turismo y Comercio,8000.0,2001
BIP0280,Proyecto BIP,CONSTRUCCION PAVIM. CALLE MANUEL FRANCISCO CORREA - ROSARIO,-34.34788,-70.84245,Rosario,Transporte y Vialidad,60000.0,2001
BIP0281,Proyecto BIP,CONSTRUCCION PAVIM. CALLE BUQUES Y MADERAS - ROSARIO,-34.34788,-70.84245,Rosario,Transporte y Vialidad,60000.0,2001
BIP0282,Proyecto BIP,MEJORAMIENTO EJE VIAL AVDA. RIQUELME - RENGO,-34.40518,-70.86324,Rengo (comunal),Transporte y Vialidad,104100.0,2001
BIP0283,Proyecto BIP,CAPACITACION ORGANIZACIÓN REGANTES 1ª SECCION RIO CLARO DE R,-34.40518,-70.86324,Rengo (comunal),Medioambiente,160000.0,2001
BIP0284,Proyecto BIP,AMPLIACION PARA LA JEC COLEGIO MANUEL FCO.CORREA,-34.40518,-70.86324,Rengo (comunal),Educación y Cultura,306366.0,2001
BIP0285,Proyecto BIP,CONSTRUCCION PATINODROMO 2° ETAPA,-34.40518,-70.86324,Rengo (comunal),Deporte,2100.0,2001
BIP0286,Proyecto BIP,CONSTRUCCION CAMARINES Y MULTICANCHA ESTADIO DE ROSARIO,-34.34788,-70.84245,Rosario,Deporte,3900.0,2001
BIP0287,Proyecto BIP,LEVANTAMIENTO CALLE BALMACEDA HASTA EL CHAPETON,-34.40518,-70.86324,Rengo (comunal),Transporte y Vialidad,94100.0,2001
BIP0288,Proyecto BIP,CONSTRUCCION TECHUMBRE GIMNASIO MULTIUSO,-34.40518,-70.86324,Rengo (comunal),Deporte,1100.0,2001
BIP0289,Proyecto BIP,MANEJO RECAUDACION DERECHOS DE ASEO DE LA COMUNA DE RENGO,-34.40518,-70.86324,Rengo (comunal),Multisectorial,20000.0,2001
BIP0290,Proyecto BIP,REPOSICION DEFENSAS FLUVIALES RIO CLARO COMUNA DE RENGO,-34.40518,-70.86324,Rengo (comunal),Multisectorial,20000.0,2001
BIP0291,Proyecto BIP,CONSTRUCCION CONSULTORIO GENERAL RENGO,-34.40518,-70.86324,Rengo (comunal),Salud,2584.0,2001
BIP0292,Proyecto BIP,CONSTRUCCION DE TRIBUNALES PARA LA REFORMA JUDICIAL EN RENGO,-34.40518,-70.86324,Rengo (comunal),Justicia y Seguridad,62090.0,2001
BIP0293,Proyecto BIP,CONSTRUCCION CALLE BISQUERT SECTOR POBL EL NARANJAL,-34.40518,-70.86324,Rengo (comunal),Transporte y Vialidad,70594.0,2002
BIP0294,Proyecto BIP,MEJORAMIENTO EVACUACION AGUAS LLUVIAS RENGO,-34.40518,-70.86324,Rengo (comunal),Recursos Hídricos,45000.0,2002
BIP0295,Proyecto BIP,CONSTRUCCION PAVIM. CALLE LAUTARO NORTE-RENGO,-34.40518,-70.86324,Rengo (comunal),Transporte y Vialidad,130301.0,2002
BIP0296,Proyecto BIP,CONSTRUCCION PAVIM. CALLE LAS MERCEDES-RENGO,-34.40518,-70.86324,Rengo (comunal),Transporte y Vialidad,58560.0,2002
BIP0297,Proyecto BIP,CONSTRUCCION PAVIM. CALLE LOS ESCRIBANOS-RENGO,-34.40518,-70.86324,Rengo (comunal),Transporte y Vialidad,145014.0,2002
BIP0298,Proyecto BIP,REPOSICION POSTA SALUD RURAL LO DE LOBOS,-34.37523,-70.82941,Lo De Lobo,Salud,74699.0,2002
BIP0299,Proyecto BIP,ADQUISICION VEHICULO TERRENO CONSULTORIO DE ROSARIO RENGO,-34.34788,-70.84245,Rosario,Salud,9680.0,2002
BIP0300,Proyecto BIP,CONSTRUCCION PAVIM. AVDA. LAS DELICIAS - ROSARIO,-34.34788,-70.84245,Rosario,Transporte y Vialidad,268925.0,2002
BIP0301,Proyecto BIP,CONSTRUCCION SALON MULTIUSO CARCEL DE RENGO,-34.40518,-70.86324,Rengo (comunal),Justicia y Seguridad,76387.0,2002
BIP0302,Proyecto BIP,CONSTRUCCION PARQUE PISCINA DE RENGO,-34.40518,-70.86324,Rengo (comunal),Multisectorial,392728.0,2002
BIP0303,Proyecto BIP,CONSTRUCCION CUARTEL TERCERA COMPAÑIA DE BOMBEROS ROSARIO - ,-34.34788,-70.84245,Rosario,Seguridad Pública,92456.0,2002
BIP0304,Proyecto BIP,AMPLIACION ESCUELA LA PAZ D 186 DE RENGO,-34.40518,-70.86324,Rengo (comunal),Educación y Cultura,56998.0,2002
BIP0305,Proyecto BIP,CONSTRUCCION ESCUELA EL NARANJAL,-34.40518,-70.86324,Rengo (comunal),Educación y Cultura,680653.0,2002
BIP0306,Proyecto BIP,CONSTRUCCION ESCUELA PARQUE ORIENTE,-34.40518,-70.86324,Rengo (comunal),Educación y Cultura,738530.0,2002
BIP0307,Proyecto BIP,CONSTRUCCION ALUMBRADO PUBLICO CALLE SAN MARTIN NORTE,-34.40518,-70.86324,Rengo (comunal),Energía,5500.0,2002
BIP0308,Proyecto BIP,CONSTRUCCION ALUMBRADO PUBLICO LA CHIMBA POPETA,-34.40804,-70.81718,La Chimba,Energía,7979.0,2002
BIP0309,Proyecto BIP,CONSTRUCCION ALUMBRADO PUBLICO CALLE MICHIMALONGO A CHORRILL,-34.40518,-70.86324,Rengo (comunal),Energía,3061.0,2002
BIP0310,Proyecto BIP,CONSTRUCCION PAVIMENTACION CALLE CHORRILLOS RENGO,-34.40518,-70.86324,Rengo (comunal),Transporte y Vialidad,50038.0,2002
BIP0311,Proyecto BIP,CONSTRUCCION PAVIMENTACION CALLE SAN MARTIN NORTE - RENGO,-34.40518,-70.86324,Rengo (comunal),Transporte y Vialidad,193367.0,2002
BIP0312,Proyecto BIP,CONSTRUCCION CICLOVIA RUTA H-511 SECTOR RENGO-ROSARIO,-34.34788,-70.84245,Rosario,Transporte y Vialidad,118943.0,2002
BIP0313,Proyecto BIP,CONSTRUCCION COMPLEJO DEPORTIVO PARQUE CRIOLLO,-34.40518,-70.86324,Rengo (comunal),Deporte,1205000.0,2002
BIP0314,Proyecto BIP,CONSTRUCCION EMBALSE PARA RIEGO RIO CLARO RENGO 1ª SECCION,-34.40518,-70.86324,Rengo (comunal),Medioambiente,453500.0,2002
BIP0315,Proyecto BIP,"MEJORAMIENTO Y AMPLIACIÓN SISTEMA A.P.R. LO CARTAGENA, RENGO",-34.39026,-70.8737,Lo Cartagena,Recursos Hídricos,22000.0,2002
BIP0316,Proyecto BIP,MEJORAMIENTO SERVICIO APR HUILQUIO CERRILLOS,-34.40518,-70.86324,Rengo (comunal),Recursos Hídricos,120000.0,2002
BIP0317,Proyecto BIP,DIAGNOSTICO DE LA OFERT. Y DEM.LABORAL DEL LICEO INDUSTRIAL ,-34.40518,-70.86324,Rengo (comunal),Turismo y Comercio,8363.0,2002
BIP0318,Proyecto BIP,CONSTRUCCION PAVIM. CALLE MANUEL FRANCISCO CORREA - ROSARIO,-34.34788,-70.84245,Rosario,Transporte y Vialidad,78152.0,2002
BIP0319,Proyecto BIP,CONSTRUCCION PAVIM. CALLE BUQUES Y MADERAS - ROSARIO,-34.34788,-70.84245,Rosario,Transporte y Vialidad,68797.0,2002
BIP0320,Proyecto BIP,MEJORAMIENTO EJE VIAL AVDA. RIQUELME - RENGO,-34.40518,-70.86324,Rengo (comunal),Transporte y Vialidad,108811.0,2002
BIP0321,Proyecto BIP,AMPLIACION PARA LA JEC COLEGIO MANUEL FCO.CORREA,-34.40518,-70.86324,Rengo (comunal),Educación y Cultura,350980.0,2002
BIP0322,Proyecto BIP,CONSTRUCCION PATINODROMO 2° ETAPA,-34.40518,-70.86324,Rengo (comunal),Deporte,16830.0,2002
BIP0323,Proyecto BIP,LEVANTAMIENTO CALLE BALMACEDA HASTA EL CHAPETON,-34.40518,-70.86324,Rengo (comunal),Transporte y Vialidad,149114.0,2002
BIP0324,Proyecto BIP,EQUIPAMIENTO SERVICIO DE ESTERILIZACIÓN HOSPITAL DE RENGO,-34.40518,-70.86324,Rengo (comunal),Salud,23000.0,2002
BIP0325,Proyecto BIP,EQUIPAMIENTO SERVICIO DE GINECOLOGIA Y OBSTETRICIA HOSPITAL ,-34.40518,-70.86324,Rengo (comunal),Salud,20000.0,2002
BIP0326,Proyecto BIP,EQUIPAMIENTO SERVICIO DE MEDICINA HOSPITAL DE RENGO,-34.40518,-70.86324,Rengo (comunal),Salud,20000.0,2002
BIP0327,Proyecto BIP,EQUIPAMIENTO SERVICIO DE MEDICINA HOSPITAL DE RENGO,-34.40518,-70.86324,Rengo (comunal),Salud,1395.0,2002
BIP0328,Proyecto BIP,EQUIPAMIENTO SERVICIO DE CIRUGIA HOSPITAL DE RENGO,-34.40518,-70.86324,Rengo (comunal),Salud,30000.0,2002
BIP0329,Proyecto BIP,EQUIPAMIENTO UNIDAD DE PABELLONES HOSPITAL DE RENGO,-34.40518,-70.86324,Rengo (comunal),Salud,50000.0,2002
BIP0330,Proyecto BIP,CONSTRUCCION PAVIM. CALLE BALMACEDA RENGO,-34.40518,-70.86324,Rengo (comunal),Transporte y Vialidad,130344.0,2002
BIP0331,Proyecto BIP,CONSTRUCCION PAVIM. CALLE SAN MARTIN NORTE RENGO,-34.40518,-70.86324,Rengo (comunal),Transporte y Vialidad,147161.0,2002
BIP0332,Proyecto BIP,CONSTRUCCION PAVIM. CALLE JOSE TOMAS VALENCIA RENGO,-34.40518,-70.86324,Rengo (comunal),Transporte y Vialidad,31075.0,2002
BIP0333,Proyecto BIP,ANALISIS MEJORAMIENTO ENTORNO TEATRO MUNICIPAL DE RENGO,-34.40518,-70.86324,Rengo (comunal),Educación y Cultura,18000.0,2002
BIP0334,Proyecto BIP,APLICACION FORTALECIMIENTO ORG. DE REGANTES 1ª SECCION RIO C,-34.40518,-70.86324,Rengo (comunal),Medioambiente,104052.0,2002
BIP0335,Proyecto BIP,REPOSICION SALA CUNA CENTRO ABIERTO BELLO HORIZONTE,-34.40518,-70.86324,Rengo (comunal),Educación y Cultura,54689.0,2002
BIP0336,Proyecto BIP,CONSTRUCCION ALUMBRADO PUBLICO PUENTE LO CARTAGENA-PUEBLO HU,-34.37959,-70.88094,Pueblo Hundido,Energía,7456.0,2002
BIP0337,Proyecto BIP,CONSTRUCCION ELECTRIFICACION LOTEO LA ESPERANZA SECTOR LA GL,-34.40518,-70.86324,Rengo (comunal),Energía,6116.0,2002
BIP0338,Proyecto BIP,AMPLIACION ESCUELA GUSTAVO BISQUERTT S. DE POPETA RENGO,-34.42,-70.88,Popeta,Educación y Cultura,102717.0,2002
BIP0339,Proyecto BIP,CONSTRUCCION CONSULTORIO URBANO PARA RENGO,-34.40518,-70.86324,Rengo (comunal),Salud,10000.0,2002
BIP0340,Proyecto BIP,CONSTRUCCION CONSULTORIO URBANO PARA RENGO,-34.40518,-70.86324,Rengo (comunal),Salud,320000.0,2002
BIP0341,Proyecto BIP,CONSTRUCCION PATINODROMO 3ª ETAPA,-34.40518,-70.86324,Rengo (comunal),Deporte,82575.0,2002
BIP0342,Proyecto BIP,CONSTRUCCION PASO BAJO NIVELFF.CC. AVDA. BISQUERTT,-34.40518,-70.86324,Rengo (comunal),Transporte y Vialidad,1050.0,2002
BIP0343,Proyecto BIP,CONSTRUCCION PAVIMENTACION CALLE JOSE TOMAS VALENCIA,-34.40518,-70.86324,Rengo (comunal),Transporte y Vialidad,20969.0,2002
BIP0344,Proyecto BIP,HABILITACION CINE TEATRO MUNCIPAL DE RENGO,-34.40518,-70.86324,Rengo (comunal),Educación y Cultura,255000.0,2002
BIP0345,Proyecto BIP,MEJORAMIENTO EJE VIAL AVDA. RIQUELME.COMUNA DE RENGO,-34.40518,-70.86324,Rengo (comunal),Transporte y Vialidad,108785.0,2002
BIP0346,Proyecto BIP,CONSTRUCCION CICLOVIA RUTA H-50-RENGO,-34.40518,-70.86324,Rengo (comunal),Transporte y Vialidad,72019.0,2002
BIP0347,Proyecto BIP,CONSTRUCCION CICLOVIA RUTA H-60-RENGO SECTOR VILLA DEL COBIL,-34.39994,-70.89498,Cobil,Transporte y Vialidad,234754.0,2002
BIP0348,Proyecto BIP,CONSTRUCCION DE TRIBUNALES PARA LA REFORMA JUDICIAL EN RENGO,-34.40518,-70.86324,Rengo (comunal),Justicia y Seguridad,54555.0,2002
BIP0349,Proyecto BIP,ACTUALIZACION DEL CATASTRO DE ROLES NO AGRICOLAS DE LA COMUN,-34.40518,-70.86324,Rengo (comunal),Multisectorial,21063.0,2002
BIP0350,Proyecto BIP,ADQUISICION VEHICULO TERRENO CONSULTORIO DE ROSARIO RENGO,-34.34788,-70.84245,Rosario,Salud,9966.0,2003
BIP0351,Proyecto BIP,CONSTRUCCION SALON MULTIUSO CARCEL DE RENGO,-34.40518,-70.86324,Rengo (comunal),Justicia y Seguridad,78373.0,2003
BIP0352,Proyecto BIP,CONSTRUCCION PARQUE PISCINA DE RENGO,-34.40518,-70.86324,Rengo (comunal),Multisectorial,405000.0,2003
BIP0353,Proyecto BIP,CONSTRUCCION CUARTEL TERCERA COMPAÑIA DE BOMBEROS ROSARIO - ,-34.34788,-70.84245,Rosario,Seguridad Pública,94894.0,2003
BIP0354,Proyecto BIP,CONSTRUCCION ESCUELA EL NARANJAL,-34.40518,-70.86324,Rengo (comunal),Educación y Cultura,651926.0,2003
BIP0355,Proyecto BIP,CONSTRUCCION ESCUELA PARQUE ORIENTE,-34.40518,-70.86324,Rengo (comunal),Educación y Cultura,760758.0,2003
BIP0356,Proyecto BIP,CONSTRUCCION ALUMBRADO PUBLICO CALLE SAN MARTIN NORTE,-34.40518,-70.86324,Rengo (comunal),Energía,5500.0,2003
BIP0357,Proyecto BIP,CONSTRUCCION PAVIMENTACION CALLE CHORRILLOS RENGO,-34.40518,-70.86324,Rengo (comunal),Transporte y Vialidad,50038.0,2003
BIP0358,Proyecto BIP,CONSTRUCCION PAVIMENTACION CALLE SAN MARTIN NORTE - RENGO,-34.40518,-70.86324,Rengo (comunal),Transporte y Vialidad,193367.0,2003
BIP0359,Proyecto BIP,CONSTRUCCION CICLOVIA RUTA H-511 SECTOR RENGO-ROSARIO,-34.34788,-70.84245,Rosario,Transporte y Vialidad,121299.0,2003
BIP0360,Proyecto BIP,"MEJORAMIENTO Y AMPLIACIÓN SISTEMA A.P.R. LO CARTAGENA, RENGO",-34.39026,-70.8737,Lo Cartagena,Recursos Hídricos,80500.0,2003
BIP0361,Proyecto BIP,MEJORAMIENTO SERVICIO APR HUILQUIO CERRILLOS,-34.40518,-70.86324,Rengo (comunal),Recursos Hídricos,124800.0,2003
BIP0362,Proyecto BIP,DIAGNOSTICO DE LA OFERT. Y DEM.LABORAL DEL LICEO INDUSTRIAL ,-34.40518,-70.86324,Rengo (comunal),Turismo y Comercio,8610.0,2003
BIP0363,Proyecto BIP,MEJORAMIENTO EJE VIAL AVDA. RIQUELME - RENGO,-34.40518,-70.86324,Rengo (comunal),Transporte y Vialidad,112026.0,2003
BIP0364,Proyecto BIP,LEVANTAMIENTO CALLE BALMACEDA HASTA EL CHAPETON,-34.40518,-70.86324,Rengo (comunal),Transporte y Vialidad,149000.0,2003
BIP0365,Proyecto BIP,EQUIPAMIENTO SERVICIO DE MEDICINA HOSPITAL DE RENGO,-34.40518,-70.86324,Rengo (comunal),Salud,20500.0,2003
BIP0366,Proyecto BIP,REPOSICION SALA CUNA CENTRO ABIERTO BELLO HORIZONTE,-34.40518,-70.86324,Rengo (comunal),Educación y Cultura,65143.0,2003
BIP0367,Proyecto BIP,CONSTRUCCION ALUMBRADO PUBLICO PUENTE LO CARTAGENA-PUEBLO HU,-34.37959,-70.88094,Pueblo Hundido,Energía,3743.0,2003
BIP0368,Proyecto BIP,CONSTRUCCION ELECTRIFICACION LOTEO LA ESPERANZA SECTOR LA GL,-34.40518,-70.86324,Rengo (comunal),Energía,5600.0,2003
BIP0369,Proyecto BIP,AMPLIACION ESCUELA GUSTAVO BISQUERTT S. DE POPETA RENGO,-34.42,-70.88,Popeta,Educación y Cultura,105426.0,2003
BIP0370,Proyecto BIP,CONSTRUCCION CONSULTORIO URBANO PARA RENGO,-34.40518,-70.86324,Rengo (comunal),Salud,320000.0,2003
BIP0371,Proyecto BIP,CONSTRUCCION CONSULTORIO URBANO PARA RENGO,-34.40518,-70.86324,Rengo (comunal),Salud,10000.0,2003
BIP0372,Proyecto BIP,CONSTRUCCION PASO BAJO NIVELFF.CC. AVDA. BISQUERTT,-34.40518,-70.86324,Rengo (comunal),Transporte y Vialidad,5300.0,2003
BIP0373,Proyecto BIP,CONSTRUCCION PAVIMENTACION CALLE JOSE TOMAS VALENCIA,-34.40518,-70.86324,Rengo (comunal),Transporte y Vialidad,31075.0,2003
BIP0374,Proyecto BIP,HABILITACION CINE TEATRO MUNCIPAL DE RENGO,-34.40518,-70.86324,Rengo (comunal),Educación y Cultura,66000.0,2003
BIP0375,Proyecto BIP,MEJORAMIENTO EJE VIAL AVDA. RIQUELME.COMUNA DE RENGO,-34.40518,-70.86324,Rengo (comunal),Transporte y Vialidad,108785.0,2003
BIP0376,Proyecto BIP,CONSTRUCCION CICLOVIA RUTA H-60-RENGO SECTOR VILLA DEL COBIL,-34.39994,-70.89498,Cobil,Transporte y Vialidad,234754.0,2003
BIP0377,Proyecto BIP,CONSTRUCCION DE TRIBUNALES PARA LA REFORMA JUDICIAL EN RENGO,-34.40518,-70.86324,Rengo (comunal),Justicia y Seguridad,367577.0,2003
BIP0378,Proyecto BIP,AMPLIACION ESCUELA RIO CLARO DE RENGO PARA LA JEC,-34.40518,-70.86324,Rengo (comunal),Educación y Cultura,10001.0,2003
BIP0379,Proyecto BIP,AMPLIACION ESCUELA RIO CLARO DE RENGO PARA LA JEC,-34.40518,-70.86324,Rengo (comunal),Educación y Cultura,251191.0,2003
BIP0380,Proyecto BIP,AMPLIACION ESCUELA APALTA PARA LA JEC,-34.33885,-70.86644,Apalta,Educación y Cultura,208000.0,2003
BIP0381,Proyecto BIP,AMPLIACION ESCUELA SANTA TERESA DE AVILA,-34.40518,-70.86324,Rengo (comunal),Educación y Cultura,150340.0,2003
BIP0382,Proyecto BIP,AMPLIACION ESCUELA SANTA TERESA DE AVILA,-34.40518,-70.86324,Rengo (comunal),Educación y Cultura,8000.0,2003
BIP0383,Proyecto BIP,"MEJORAMIENTO Y AMPLIACIÓN SERVICIO APR DE LO DE LOBOS, RENGO",-34.37523,-70.82941,Lo De Lobo,Recursos Hídricos,112439.0,2003
BIP0384,Proyecto BIP,REPOSICION SERVICIO AGUA POTABLE RURAL DE POPETA,-34.42,-70.88,Popeta,Recursos Hídricos,115000.0,2003
BIP0385,Proyecto BIP,AMPLIACION LICEO LUIS URBINA FLORES,-34.40518,-70.86324,Rengo (comunal),Educación y Cultura,306000.0,2003
BIP0386,Proyecto BIP,AMPLIACION ESCUELA EL NARANJAL,-34.40518,-70.86324,Rengo (comunal),Educación y Cultura,79500.0,2003
BIP0387,Proyecto BIP,AMPLIACION PLANTA TRATAMIENTO ESCUELA ESMERALDA,-34.34281,-70.9049,Esmeralda,Educación y Cultura,13500.0,2003
BIP0388,Proyecto BIP,MEJORAMIENTO ALCANTARILLADO ESCUELA RINCONADA DE MALAMBO,-34.42437,-70.83827,Malambo,Educación y Cultura,21000.0,2003
BIP0389,Proyecto BIP,CONSTRUCCION RED DE AGUA POTABLE CALLEJON MICHIMALONGO,-34.40518,-70.86324,Rengo (comunal),Recursos Hídricos,7500.0,2003
BIP0390,Proyecto BIP,ADQUISICION MAQUINA EXCAVADORA,-34.40518,-70.86324,Rengo (comunal),Multisectorial,93000.0,2003
BIP0391,Proyecto BIP,MEJORAMIENTO ALUMBRADO PUBLICO COMUNA DE RENGO,-34.40518,-70.86324,Rengo (comunal),Energía,11000.0,2003
BIP0392,Proyecto BIP,CONSERVACION DEFENSAS FLUVIALES SECTOR POPETA A LA CHIMBA,-34.40804,-70.81718,La Chimba,Multisectorial,15500.0,2003
BIP0393,Proyecto BIP,CONSTRUCCION AREAS VERDES DE PARQUES Y COMPLEJOS DEPORTIVOS,-34.40518,-70.86324,Rengo (comunal),Multisectorial,16000.0,2003
BIP0394,Proyecto BIP,CONSTRUCCION AREAS VERDES DE PARQUES Y COMPLEJOS DEPORTIVOS,-34.40518,-70.86324,Rengo (comunal),Multisectorial,6000.0,2003
BIP0395,Proyecto BIP,CONSTRUCCION CAMARINES ESTADIO DE ROSARIO,-34.34788,-70.84245,Rosario,Deporte,23000.0,2003
BIP0396,Proyecto BIP,CONSTRUCCION LOSA INICIACION DE PATINAJE,-34.40518,-70.86324,Rengo (comunal),Deporte,55500.0,2003
BIP0397,Proyecto BIP,CONSTRUCCION COMPLEJO DEPORTIVO PARQUE CRIOLLO.RENGO,-34.40518,-70.86324,Rengo (comunal),Deporte,54160.0,2003
BIP0398,Proyecto BIP,CONSTRUCCION PARQUE CRIOLLO SEGUNDA ETAPA,-34.40518,-70.86324,Rengo (comunal),Deporte,59500.0,2003
BIP0399,Proyecto BIP,HABILITACION CINE TEATRO MUNICIPAL DE RENGO SEGUNDA ETAPA,-34.40518,-70.86324,Rengo (comunal),Educación y Cultura,119000.0,2003
BIP0400,Proyecto BIP,HABILITACION PISCINA TEMPERADA HOSPITAL DE RENGO,-34.40518,-70.86324,Rengo (comunal),Salud,18128.0,2003
BIP0401,Proyecto BIP,"AMPLIACION AGUA POTABLE CALLEJONES SECTOR LA ESMERALDA, ROSA",-34.34281,-70.9049,Esmeralda,Recursos Hídricos,23264.0,2003
BIP0402,Proyecto BIP,EQUIPAMIENTO DE OITM PARA LA ACTUALIZACION DEL CATASTRO DE R,-34.40518,-70.86324,Rengo (comunal),Multisectorial,2995.0,2003
BIP0403,Proyecto BIP,CONSTRUCCION DE ANDENES E ILUMINACION PARADERO TRENES ROSARI,-34.34788,-70.84245,Rosario,Transporte y Vialidad,3257.0,2003
BIP0404,Proyecto BIP,"REPARACION Y DESVIO CANAL RAMIRANO, COMUNA DE RENGO",-34.40518,-70.86324,Rengo (comunal),Recursos Hídricos,2748.0,2003
BIP0405,Proyecto BIP,CONSTRUCCION SALON MULTIUSO CARCEL DE RENGO,-34.40518,-70.86324,Rengo (comunal),Justicia y Seguridad,80614.0,2004
BIP0406,Proyecto BIP,CONSTRUCCION CUARTEL TERCERA COMPAÑIA DE BOMBEROS ROSARIO - ,-34.34788,-70.84245,Rosario,Seguridad Pública,107305.0,2004
BIP0407,Proyecto BIP,CONSTRUCCION ALUMBRADO PUBLICO CALLE SAN MARTIN NORTE,-34.40518,-70.86324,Rengo (comunal),Energía,1340.0,2004
BIP0408,Proyecto BIP,CONSTRUCCION PAVIMENTACION CALLE CHORRILLOS RENGO,-34.40518,-70.86324,Rengo (comunal),Transporte y Vialidad,51451.0,2004
BIP0409,Proyecto BIP,CONSTRUCCION PAVIMENTACION CALLE SAN MARTIN NORTE - RENGO,-34.40518,-70.86324,Rengo (comunal),Transporte y Vialidad,204070.0,2004
BIP0410,Proyecto BIP,CONSTRUCCION CICLOVIA RUTA H-511 SECTOR RENGO-ROSARIO,-34.34788,-70.84245,Rosario,Transporte y Vialidad,133336.0,2004
BIP0411,Proyecto BIP,CONSTRUCCION COMPLEJO DEPORTIVO PARQUE CRIOLLO,-34.40518,-70.86324,Rengo (comunal),Deporte,92630.0,2004
BIP0412,Proyecto BIP,"MEJORAMIENTO Y AMPLIACIÓN SISTEMA A.P.R. LO CARTAGENA, RENGO",-34.39026,-70.8737,Lo Cartagena,Recursos Hídricos,82773.0,2004
BIP0413,Proyecto BIP,MEJORAMIENTO SERVICIO APR HUILQUIO CERRILLOS,-34.40518,-70.86324,Rengo (comunal),Recursos Hídricos,151571.0,2004
BIP0414,Proyecto BIP,LEVANTAMIENTO CALLE BALMACEDA HASTA EL CHAPETON,-34.40518,-70.86324,Rengo (comunal),Transporte y Vialidad,153207.0,2004
BIP0415,Proyecto BIP,AMPLIACION ESCUELA GUSTAVO BISQUERTT S. DE POPETA RENGO,-34.42,-70.88,Popeta,Educación y Cultura,108402.0,2004
BIP0416,Proyecto BIP,CONSTRUCCION CONSULTORIO URBANO PARA RENGO,-34.40518,-70.86324,Rengo (comunal),Salud,337713.0,2004
BIP0417,Proyecto BIP,CONSTRUCCION CONSULTORIO URBANO PARA RENGO,-34.40518,-70.86324,Rengo (comunal),Salud,19500.0,2004
BIP0418,Proyecto BIP,CONSTRUCCION PASO BAJO NIVELFF.CC. AVDA. BISQUERTT,-34.40518,-70.86324,Rengo (comunal),Transporte y Vialidad,66000.0,2004
BIP0419,Proyecto BIP,CONSTRUCCION PAVIMENTACION CALLE JOSE TOMAS VALENCIA,-34.40518,-70.86324,Rengo (comunal),Transporte y Vialidad,22129.0,2004
BIP0420,Proyecto BIP,HABILITACION CINE TEATRO MUNCIPAL DE RENGO,-34.40518,-70.86324,Rengo (comunal),Educación y Cultura,69758.0,2004
BIP0421,Proyecto BIP,MEJORAMIENTO EJE VIAL AVDA. RIQUELME.COMUNA DE RENGO,-34.40518,-70.86324,Rengo (comunal),Transporte y Vialidad,114805.0,2004
BIP0422,Proyecto BIP,CONSTRUCCION CICLOVIA RUTA H-50-RENGO,-34.40518,-70.86324,Rengo (comunal),Transporte y Vialidad,76005.0,2004
BIP0423,Proyecto BIP,CONSTRUCCION CICLOVIA RUTA H-60-RENGO SECTOR VILLA DEL COBIL,-34.39994,-70.89498,Cobil,Transporte y Vialidad,241383.0,2004
BIP0424,Proyecto BIP,CONSTRUCCION DE TRIBUNALES PARA LA REFORMA JUDICIAL EN RENGO,-34.40518,-70.86324,Rengo (comunal),Justicia y Seguridad,378459.0,2004
BIP0425,Proyecto BIP,"MEJORAMIENTO Y AMPLIACIÓN SERVICIO APR DE LO DE LOBOS, RENGO",-34.37523,-70.82941,Lo De Lobo,Recursos Hídricos,201021.0,2004
BIP0426,Proyecto BIP,REPOSICION SERVICIO AGUA POTABLE RURAL DE POPETA,-34.42,-70.88,Popeta,Recursos Hídricos,215836.0,2004
BIP0427,Proyecto BIP,AMPLIACION ESCUELA EL NARANJAL,-34.40518,-70.86324,Rengo (comunal),Educación y Cultura,81743.0,2004
BIP0428,Proyecto BIP,CONSERVACION DEFENSAS FLUVIALES SECTOR POPETA A LA CHIMBA,-34.40804,-70.81718,La Chimba,Multisectorial,15937.0,2004
BIP0429,Proyecto BIP,CONSTRUCCION AREAS VERDES DE PARQUES Y COMPLEJOS DEPORTIVOS,-34.40518,-70.86324,Rengo (comunal),Multisectorial,36000.0,2004
BIP0430,Proyecto BIP,CONSTRUCCION AREAS VERDES CALLES Y PLAZAS DE LA COMUNA DE RE,-34.40518,-70.86324,Rengo (comunal),Multisectorial,36500.0,2004
BIP0431,Proyecto BIP,CONSTRUCCION CAMARINES ESTADIO DE ROSARIO,-34.34788,-70.84245,Rosario,Deporte,28000.0,2004
BIP0432,Proyecto BIP,CONSTRUCCION LOSA INICIACION DE PATINAJE,-34.40518,-70.86324,Rengo (comunal),Deporte,18711.0,2004
BIP0433,Proyecto BIP,"AMPLIACION AGUA POTABLE CALLEJONES SECTOR LA ESMERALDA, ROSA",-34.34281,-70.9049,Esmeralda,Recursos Hídricos,30483.0,2004
BIP0434,Proyecto BIP,CONSTRUCCION SEDE UNIVERSIDAD DE VALPARAISO EN RENGO,-34.40518,-70.86324,Rengo (comunal),Educación y Cultura,1200000.0,2004
BIP0435,Proyecto BIP,CONSTRUCCION ALUMBRADO PUBLICO VARIOS SECTORES,-34.40518,-70.86324,Rengo (comunal),Energía,26240.0,2004
BIP0436,Proyecto BIP,INVESTIGACION SOBRE EL DESARROLLO PRODUCTICO COMUNAL,-34.40518,-70.86324,Rengo (comunal),Turismo y Comercio,27000.0,2004
BIP0437,Proyecto BIP,EXPLOTACION DEL DESARROLLO TURISTICODEL SECTOR DE POPETA,-34.42,-70.88,Popeta,Turismo y Comercio,37000.0,2004
BIP0438,Proyecto BIP,CONSTRUCCION PAVIMENTACION CALLE LAUTARO NORTE - RENGO,-34.40518,-70.86324,Rengo (comunal),Transporte y Vialidad,142000.0,2004
BIP0439,Proyecto BIP,REPOSICION PARCIAL SALA CUNA BELLO HORIZONTE,-34.40518,-70.86324,Rengo (comunal),Educación y Cultura,67136.0,2004
BIP0440,Proyecto BIP,AMPLIACION PARA LA JEC ESCUELA SANTA TERESA DE AVILA DE RENG,-34.40518,-70.86324,Rengo (comunal),Educación y Cultura,229984.0,2004
BIP0441,Proyecto BIP,AMPLIACION PARA LA JEC ESCUELA SANTA TERESA DE AVILA DE RENG,-34.40518,-70.86324,Rengo (comunal),Educación y Cultura,12000.0,2004
BIP0442,Proyecto BIP,AMPLIACION PARA LA JEC ESCUELA RIO CLARO LA ISLA LOCAL 1,-34.40518,-70.86324,Rengo (comunal),Educación y Cultura,3800.0,2004
BIP0443,Proyecto BIP,EQUIPAMIENTO MONITOR SALA RECUPERACION HOSPITAL RENGO,-34.40518,-70.86324,Rengo (comunal),Salud,11398.0,2004
BIP0444,Proyecto BIP,INSTALACION Y  CONSTRUCCION MONUMENTO CACIQUE RENGO.,-34.40518,-70.86324,Rengo (comunal),Educación y Cultura,5737.0,2004
BIP0445,Proyecto BIP,CONSTRUCCION PARA LA JEC ESCUELA RIO CLARO LA ISLA LOCAL 2,-34.40518,-70.86324,Rengo (comunal),Educación y Cultura,3800.0,2004
BIP0446,Proyecto BIP,"MEJORAMIENTO Y AMPLIACIÓN SISTEMA A.P.R. LO CARTAGENA, RENGO",-34.39026,-70.8737,Lo Cartagena,Recursos Hídricos,70428.0,2005
BIP0447,Proyecto BIP,MEJORAMIENTO SERVICIO APR HUILQUIO CERRILLOS,-34.40518,-70.86324,Rengo (comunal),Recursos Hídricos,153062.0,2005
BIP0448,Proyecto BIP,AMPLIACION ESCUELA GUSTAVO BISQUERTT S. DE POPETA RENGO,-34.42,-70.88,Popeta,Educación y Cultura,109564.0,2005
BIP0449,Proyecto BIP,CONSTRUCCION CONSULTORIO URBANO PARA RENGO,-34.40518,-70.86324,Rengo (comunal),Salud,19708.0,2005
BIP0450,Proyecto BIP,CONSTRUCCION CONSULTORIO URBANO PARA RENGO,-34.40518,-70.86324,Rengo (comunal),Salud,975115.0,2005
BIP0451,Proyecto BIP,CONSTRUCCION PASO BAJO NIVELFF.CC. AVDA. BISQUERTT,-34.40518,-70.86324,Rengo (comunal),Transporte y Vialidad,16000.0,2005
BIP0452,Proyecto BIP,CONSTRUCCION DE TRIBUNALES PARA LA REFORMA JUDICIAL EN RENGO,-34.40518,-70.86324,Rengo (comunal),Justicia y Seguridad,381990.0,2005
BIP0453,Proyecto BIP,"MEJORAMIENTO Y AMPLIACIÓN SERVICIO APR DE LO DE LOBOS, RENGO",-34.37523,-70.82941,Lo De Lobo,Recursos Hídricos,129875.0,2005
BIP0454,Proyecto BIP,REPOSICION SERVICIO AGUA POTABLE RURAL DE POPETA,-34.42,-70.88,Popeta,Recursos Hídricos,190289.0,2005
BIP0455,Proyecto BIP,CONSERVACION DEFENSAS FLUVIALES SECTOR POPETA A LA CHIMBA,-34.40804,-70.81718,La Chimba,Multisectorial,16108.0,2005
BIP0456,Proyecto BIP,CONSTRUCCION CAMARINES ESTADIO DE ROSARIO,-34.34788,-70.84245,Rosario,Deporte,28299.0,2005
BIP0457,Proyecto BIP,CONSTRUCCION LOSA INICIACION DE PATINAJE,-34.40518,-70.86324,Rengo (comunal),Deporte,18911.0,2005
BIP0458,Proyecto BIP,"AMPLIACION AGUA POTABLE CALLEJONES SECTOR LA ESMERALDA, ROSA",-34.34281,-70.9049,Esmeralda,Recursos Hídricos,30810.0,2005
BIP0459,Proyecto BIP,CONSTRUCCION SEDE UNIVERSIDAD DE VALPARAISO EN RENGO,-34.40518,-70.86324,Rengo (comunal),Educación y Cultura,1083493.0,2005
BIP0460,Proyecto BIP,REPOSICION PARCIAL SALA CUNA BELLO HORIZONTE,-34.40518,-70.86324,Rengo (comunal),Educación y Cultura,60564.0,2005
BIP0461,Proyecto BIP,AMPLIACION PARA LA JEC ESCUELA SANTA TERESA DE AVILA DE RENG,-34.40518,-70.86324,Rengo (comunal),Educación y Cultura,199316.0,2005
BIP0462,Proyecto BIP,AMPLIACION PARA LA JEC ESCUELA RIO CLARO LA ISLA LOCAL 1,-34.40518,-70.86324,Rengo (comunal),Educación y Cultura,136292.0,2005
BIP0463,Proyecto BIP,HABILITACION GIMNASIO DEPORTIVO LA ISLA,-34.40518,-70.86324,Rengo (comunal),Deporte,52900.0,2005
BIP0464,Proyecto BIP,CONSTRUCCION PARA LA JEC ESCUELA RIO CLARO LA ISLA LOCAL 2,-34.40518,-70.86324,Rengo (comunal),Educación y Cultura,373698.0,2005
BIP0465,Proyecto BIP,MEJORAMIENTO LICEO TOMAS MARIN DE POVEDA,-34.40518,-70.86324,Rengo (comunal),Educación y Cultura,6517.0,2005
BIP0466,Proyecto BIP,CONSTRUCCION LICEO INDUSTRIAL DE RENGO,-34.40518,-70.86324,Rengo (comunal),Educación y Cultura,62256.0,2005
BIP0467,Proyecto BIP,AMPLIACION ESCUELA DE APALTA PARA LA JEC,-34.33885,-70.86644,Apalta,Educación y Cultura,14000.0,2005
BIP0468,Proyecto BIP,AMPLIACION PARA LA JEC LICEO LUIS URBINA FLORES,-34.40518,-70.86324,Rengo (comunal),Educación y Cultura,9000.0,2005
BIP0469,Proyecto BIP,CONSTRUCCION PARA LA JEC LICEO ORIENTE,-34.40518,-70.86324,Rengo (comunal),Educación y Cultura,43000.0,2005
BIP0470,Proyecto BIP,"MEJORAMIENTO SERVICIO DE APR EL TREBAL - CERRILLOS, COMUNA D",-34.40518,-70.86324,Rengo (comunal),Recursos Hídricos,13644.0,2005
BIP0471,Proyecto BIP,CONSTRUCCION ALUMB PUB. PTE. LA CHIMBA Y CAMINO CHANQUEAHUE ,-34.4335,-70.78779,Chanqueahue,Energía,3853.0,2005
BIP0472,Proyecto BIP,CONSTRUCCION ALUMBRADO PUBLICO LOS CHOAPINOS DE LA COMUNA DE,-34.3192,-70.83674,Los Choapinos,Energía,2420.0,2005
BIP0473,Proyecto BIP,CONSTRUCCION ALUMBRADO PUBL LOS CHOAPINOS INIA COMUNA DE REN,-34.3192,-70.83674,Los Choapinos,Energía,1361.0,2005
BIP0474,Proyecto BIP,CONSTRUCCION CUARTEL TERCERA COMPAÑIA DE BOMBEROS ROSARIO - ,-34.34788,-70.84245,Rosario,Seguridad Pública,112149.0,2006
BIP0475,Proyecto BIP,CONSTRUCCION PAVIMENTACION CALLE CHORRILLOS RENGO,-34.40518,-70.86324,Rengo (comunal),Transporte y Vialidad,53265.0,2006
BIP0476,Proyecto BIP,"MEJORAMIENTO Y AMPLIACIÓN SISTEMA A.P.R. LO CARTAGENA, RENGO",-34.39026,-70.8737,Lo Cartagena,Recursos Hídricos,72137.0,2006
BIP0477,Proyecto BIP,AMPLIACION ESCUELA GUSTAVO BISQUERTT S. DE POPETA RENGO,-34.42,-70.88,Popeta,Educación y Cultura,112224.0,2006
BIP0478,Proyecto BIP,CONSTRUCCION CONSULTORIO URBANO PARA RENGO,-34.40518,-70.86324,Rengo (comunal),Salud,998790.0,2006
BIP0479,Proyecto BIP,MEJORAMIENTO EJE VIAL AVDA. RIQUELME.COMUNA DE RENGO,-34.40518,-70.86324,Rengo (comunal),Transporte y Vialidad,118855.0,2006
BIP0480,Proyecto BIP,CONSTRUCCION DE TRIBUNALES PARA LA REFORMA JUDICIAL EN RENGO,-34.40518,-70.86324,Rengo (comunal),Justicia y Seguridad,390560.0,2006
BIP0481,Proyecto BIP,"MEJORAMIENTO Y AMPLIACIÓN SERVICIO APR DE LO DE LOBOS, RENGO",-34.37523,-70.82941,Lo De Lobo,Recursos Hídricos,153588.0,2006
BIP0482,Proyecto BIP,"AMPLIACION AGUA POTABLE CALLEJONES SECTOR LA ESMERALDA, ROSA",-34.34281,-70.9049,Esmeralda,Recursos Hídricos,29657.0,2006
BIP0483,Proyecto BIP,CONSTRUCCION SEDE UNIVERSIDAD DE VALPARAISO EN RENGO,-34.40518,-70.86324,Rengo (comunal),Educación y Cultura,1332000.0,2006
BIP0484,Proyecto BIP,CONSTRUCCION PAVIMENTACION CALLE LAUTARO NORTE - RENGO,-34.40518,-70.86324,Rengo (comunal),Transporte y Vialidad,147007.0,2006
BIP0485,Proyecto BIP,REPOSICION PARCIAL SALA CUNA BELLO HORIZONTE,-34.40518,-70.86324,Rengo (comunal),Educación y Cultura,75256.0,2006
BIP0486,Proyecto BIP,AMPLIACION PARA LA JEC ESCUELA SANTA TERESA DE AVILA DE RENG,-34.40518,-70.86324,Rengo (comunal),Educación y Cultura,198308.0,2006
BIP0487,Proyecto BIP,AMPLIACION PARA LA JEC ESCUELA RIO CLARO LA ISLA LOCAL 1,-34.40518,-70.86324,Rengo (comunal),Educación y Cultura,139599.0,2006
BIP0488,Proyecto BIP,CONSTRUCCION PARA LA JEC ESCUELA RIO CLARO LA ISLA LOCAL 2,-34.40518,-70.86324,Rengo (comunal),Educación y Cultura,382771.0,2006
BIP0489,Proyecto BIP,MEJORAMIENTO LICEO TOMAS MARIN  DE POVEDA,-34.40518,-70.86324,Rengo (comunal),Educación y Cultura,257881.0,2006
BIP0490,Proyecto BIP,MEJORAMIENTO LICEO TOMAS MARIN  DE POVEDA,-34.40518,-70.86324,Rengo (comunal),Educación y Cultura,7427.0,2006
BIP0491,Proyecto BIP,CONSTRUCCION LICEO INDUSTRIAL DE RENGO,-34.40518,-70.86324,Rengo (comunal),Educación y Cultura,67067.0,2006
BIP0492,Proyecto BIP,CONSTRUCCION LICEO INDUSTRIAL DE RENGO,-34.40518,-70.86324,Rengo (comunal),Educación y Cultura,1512425.0,2006
BIP0493,Proyecto BIP,AMPLIACION ESCUELA DE APALTA PARA LA JEC,-34.33885,-70.86644,Apalta,Educación y Cultura,14338.0,2006
BIP0494,Proyecto BIP,AMPLIACION PARA LA JEC LICEO LUIS URBINA FLORES,-34.40518,-70.86324,Rengo (comunal),Educación y Cultura,353969.0,2006
BIP0495,Proyecto BIP,CONSTRUCCION PARA LA JEC LICEO ORIENTE,-34.40518,-70.86324,Rengo (comunal),Educación y Cultura,1383809.0,2006
BIP0496,Proyecto BIP,CONSTRUCCION COLECTOR DE AGUAS LLUVIAS EGENAU RENGO URBANO I,-34.40518,-70.86324,Rengo Urbano,Transporte y Vialidad,48278.0,2006
BIP0497,Proyecto BIP,MEJORAMIENTO CALLES BALMACEDA Y TOMAS VALENCIA-RENGO,-34.40518,-70.86324,Rengo (comunal),Transporte y Vialidad,96272.0,2006
BIP0498,Proyecto BIP,REPOSICION EDIFICIO CONSISTORIAL MUNICIPALIDAD DE RENGO,-34.40518,-70.86324,Rengo (comunal),Multisectorial,20500.0,2006
BIP0499,Proyecto BIP,"MEJORAMIENTO SERVICIO DE APR LOS CHOAPINOS, COMUNA DE RENGO",-34.3192,-70.83674,Los Choapinos,Recursos Hídricos,38102.0,2006
LOC000,Localidad,Rengo Centro,-34.40518,-70.86324,Rengo Centro,Urbano,12500,2024
LOC001,Localidad,Rengo Norte,-34.395,-70.86,Rengo Norte,Urbano,6500,2024
LOC002,Localidad,Rengo Sur,-34.415,-70.866,Rengo Sur,Urbano,4500,2024
LOC003,Localidad,Rengo Oriente,-34.404,-70.852,Rengo Oriente,Urbano,3000,2024
LOC004,Localidad,Rengo Poniente,-34.406,-70.874,Rengo Poniente,Urbano,2000,2024
LOC005,Localidad,Rosario Centro,-34.34788,-70.84245,Rosario Centro,Urbano,4500,2024
LOC006,Localidad,Rosario Poniente,-34.35,-70.851,Rosario Poniente,Urbano,3700,2024
LOC007,Localidad,Rienci Valencia,-34.41,-70.87,Rienci Valencia,Urbano,3200,2024
LOC008,Localidad,El Rodeo,-34.403,-70.848,El Rodeo,Urbano,2861,2024
LOC009,Localidad,Apalta,-34.33885,-70.86644,Apalta,Rural,1850,2024
LOC010,Localidad,Chanqueahue,-34.4335,-70.78779,Chanqueahue,Rural,1420,2024
LOC011,Localidad,Cobil,-34.39994,-70.89498,Cobil,Rural,1180,2024
LOC012,Localidad,Esmeralda,-34.34281,-70.9049,Esmeralda,Rural,2650,2024
LOC013,Localidad,La Chimba,-34.40804,-70.81718,La Chimba,Rural,1340,2024
LOC014,Localidad,Las Pataguas,-34.3905,-70.95144,Las Pataguas,Rural,1110,2024
LOC015,Localidad,Lo Cartagena,-34.39026,-70.8737,Lo Cartagena,Rural,1580,2024
LOC016,Localidad,Lo de Lobo,-34.37523,-70.82941,Lo de Lobo,Rural,980,2024
LOC017,Localidad,Los Choapinos,-34.3192,-70.83674,Los Choapinos,Rural,2100,2024
LOC018,Localidad,Los Gomeros,-34.35213,-70.87866,Los Gomeros,Rural,1540,2024
LOC019,Localidad,Malambo,-34.42437,-70.83827,Malambo,Rural,1390,2024
LOC020,Localidad,Naicura,-34.32727,-70.91833,Naicura,Rural,2050,2024
LOC021,Localidad,Popeta,-34.42,-70.88,Popeta,Rural,1320,2024
LOC022,Localidad,Pueblo Hundido,-34.37959,-70.88094,Pueblo Hundido,Rural,830,2024
LOC023,Localidad,San Jorge,-34.31297,-70.87804,San Jorge,Rural,920,2024
LOC024,Localidad,Santa Isabel,-34.30677,-70.90131,Santa Isabel,Rural,765,2024
